file,pattern,match_or_content,context
archive/VE001/UT001_0001.xml,short_head,ེ་,"<hi rend=""head"">ེ་</hi>"
archive/VE001/UT001_0001.xml,short_head,ཡོ,"<hi rend=""head"">ཡོ</hi>"
archive/VE001/UT001_0001.xml,short_head,ཡེ,"<hi rend=""head"">ཡེ</hi>"
archive/VE001/UT001_0001.xml,short_head,པར,"<hi rend=""head"">པར</hi>"
archive/VE001/UT001_0003.xml,short_head,ིཿ,"<hi rend=""head"">ིཿ</hi>"
archive/VE001/UT001_0005.xml,tsheg_dot_tsheg,་.་,ས་སུ་བྱས་པ་ནི༔ བཙན་པོ་མཁར་.་ཞུགས་པ་འདྲ༔ སྨྲ་བྱེད་མཚོན
archive/VE001/UT001_0005.xml,tsheg_dot_tsheg,་.་,ག་གི་མན་ངག་གིས༔ .ེ་ཉིད་ལམ་.་སློང་པ་ནི༔ བྱ་བ་བཏང་པའི་ས
archive/VE001/UT001_0005.xml,tsheg_dot_tsheg,་.་,"ྣམ་པ་ལྔ་རྣམས་ལ༔ འཆི་ཁར་ལམ་.་བྱེད་པ་ནི༔ ,ོག་ཆེན་ས་ལ་ལྟ"
archive/VE001/UT001_0005.xml,comma_o,",ོ","༔ འཆི་ཁར་ལམ་.་བྱེད་པ་ནི༔ ,ོག་ཆེན་ས་ལ་ལྟུང་བ་འདྲ༔ .ེ་"
archive/VE001/UT001_0005.xml,comma_o,",ོ","ད་པའི་ས་ཕྱོགས་སུ༔ ཅི་དགར་,ོད་པའི་ཚུལ་གྱིས་འ.ག༔ ཨེ་མ་"
archive/VE001/UT001_0005.xml,comma_o,",ོ","ང་རྗེ་མེ.༔ སེམས་མཐོང་བ་ལ་,ོད་པ་མེ.༔ སྐྱེ་ཤི་མཐོང་ལ་ད"
archive/VE001/UT001_0005.xml,comma_tibetan,",ི","ལ་མར་ངར་བཏགས་རལ་གྲི་འདྲ༔ ,ིག་ལེ་ཕྱི་ནང་པྲ་ཁྲིད་གཉིས༔"
archive/VE001/UT001_0005.xml,comma_tibetan,",ན","ས་དམངས་ལ་དབང་བསྒྱུར་འདྲ༔ ,ན་བཞི་དག་གི་མན་ངག་གིས༔ .ེ་"
archive/VE001/UT001_0005.xml,comma_tibetan,",ོ","༔ འཆི་ཁར་ལམ་.་བྱེད་པ་ནི༔ ,ོག་ཆེན་ས་ལ་ལྟུང་བ་འདྲ༔ .ེ་"
archive/VE001/UT001_0005.xml,comma_tibetan,",ོ","ད་པའི་ས་ཕྱོགས་སུ༔ ཅི་དགར་,ོད་པའི་ཚུལ་གྱིས་འ.ག༔ ཨེ་མ་"
archive/VE001/UT001_0005.xml,comma_tibetan,",ོ","ང་རྗེ་མེ.༔ སེམས་མཐོང་བ་ལ་,ོད་པ་མེ.༔ སྐྱེ་ཤི་མཐོང་ལ་ད"
archive/VE001/UT001_0005.xml,comma_tibetan,",ད","མི་ཚུགས༔ མན་ངག་གཞུང་བཞིན་,ད་པས་རྫུ་འཕྲུལ་སྣ་ཚོགས་གྲུ"
archive/VE001/UT001_0005.xml,isolated_dot,བ.ན,འདྲ༔ .ེ་རྣམས་དོན་ཏིག་བཅུ་བ.ན་པོ༔ རྒྱུད་ཆེན་གཞུང་དང་.ར
archive/VE001/UT001_0005.xml,isolated_dot,་.ར,བ.ན་པོ༔ རྒྱུད་ཆེན་གཞུང་དང་.ར་བ་ནི༔ གླང་ཆེན་སྣ་ནས་དཀྱུ
archive/VE001/UT001_0005.xml,isolated_dot,བ.ན,ོང་འདྲ༔ ཁྱད་པར་མན་ངག་བཅུ་བ.ན་གྱིས༔ གང་ཟག་གཅིག་གི་དབང་
archive/VE001/UT001_0005.xml,isolated_dot,་.་,ས་སུ་བྱས་པ་ནི༔ བཙན་པོ་མཁར་.་ཞུགས་པ་འདྲ༔ སྨྲ་བྱེད་མཚོན
archive/VE001/UT001_0005.xml,isolated_dot,་.་,ག་གི་མན་ངག་གིས༔ .ེ་ཉིད་ལམ་.་སློང་པ་ནི༔ བྱ་བ་བཏང་པའི་ས
archive/VE001/UT001_0005.xml,isolated_dot,་.་,"ྣམ་པ་ལྔ་རྣམས་ལ༔ འཆི་ཁར་ལམ་.་བྱེད་པ་ནི༔ ,ོག་ཆེན་ས་ལ་ལྟ"
archive/VE001/UT001_0005.xml,isolated_dot,འ.ག,རི་དྭགས་དམན་པའི་ཚུལ་གྱིས་འ.ག༔ འ.་འཛི་སྤངས་པའི་ས་ཕྱོགས
archive/VE001/UT001_0005.xml,isolated_dot,འ.་,གས་དམན་པའི་ཚུལ་གྱིས་འ.ག༔ འ.་འཛི་སྤངས་པའི་ས་ཕྱོགས་སུ༔ 
archive/VE001/UT001_0005.xml,isolated_dot,འ.ག,ས་སུ༔ ཐ་མལ་པ་ཡི་ཚུལ་གྱིས་འ.ག༔ དགྲ་གཉེན་མེད་པའི་ས་ཕྱོག
archive/VE001/UT001_0005.xml,isolated_dot,འ.ག,སྤྲང་པོ་ལྟ་བུའི་ཚུལ་གྱིས་འ.ག༔ ཡུལ་དམིགས་མེད་པའི་ས་ཕྱོ
archive/VE001/UT001_0005.xml,isolated_dot,འ.ག," ཅི་དགར་,ོད་པའི་ཚུལ་གྱིས་འ.ག༔ ཨེ་མ་ཧོ༔ གཞི་མཐོང་བ་ལ་ར"
archive/VE001/UT001_0005.xml,isolated_dot,ེ.༔,མ་ཧོ༔ གཞི་མཐོང་བ་ལ་རྩ་བ་མེ.༔ ཆོས་ཉིད་མཐོང་ལ་སྒོམ་པ་མེ
archive/VE001/UT001_0005.xml,isolated_dot,ེ.༔,༔ ཆོས་ཉིད་མཐོང་ལ་སྒོམ་པ་མེ.༔ རིག་པ་མཐོང་ལ་མན་ངག་མེ.༔ 
archive/VE001/UT001_0005.xml,isolated_dot,ེ.༔,མེ.༔ རིག་པ་མཐོང་ལ་མན་ངག་མེ.༔ སྣང་བ་མཐོང་ལ་ལྟ་བ་མེ.༔ .
archive/VE001/UT001_0005.xml,isolated_dot,ེ.༔,་མེ.༔ སྣང་བ་མཐོང་ལ་ལྟ་བ་མེ.༔ .ོན་མཐོང་བ་ལ་སྙིང་རྗེ་མེ
archive/VE001/UT001_0005.xml,isolated_dot,ེ.༔,"༔ .ོན་མཐོང་བ་ལ་སྙིང་རྗེ་མེ.༔ སེམས་མཐོང་བ་ལ་,ོད་པ་མེ.༔"
archive/VE001/UT001_0005.xml,isolated_dot,ེ.༔,"ེ.༔ སེམས་མཐོང་བ་ལ་,ོད་པ་མེ.༔ སྐྱེ་ཤི་མཐོང་ལ་དགེ་སྡིག་"
archive/VE001/UT001_0005.xml,isolated_dot,ེ.༔,སྐྱེ་ཤི་མཐོང་ལ་དགེ་སྡིག་མེ.༔ དངོས་པོ་མཐོང་ལ་སངས་རྒྱས་
archive/VE001/UT001_0005.xml,isolated_dot,ེ.༔,དངོས་པོ་མཐོང་ལ་སངས་རྒྱས་མེ.༔ འཁྲུལ་པ་མཐོང་ལ་དམྱལ་བ་མེ
archive/VE001/UT001_0005.xml,isolated_dot,ེ.༔,༔ འཁྲུལ་པ་མཐོང་ལ་དམྱལ་བ་མེ.༔ ང་རང་མཐོང་ལ་ཐམས་ཅད་མེ.༔ 
archive/VE001/UT001_0005.xml,isolated_dot,ེ.༔,མེ.༔ ང་རང་མཐོང་ལ་ཐམས་ཅད་མེ.༔ ཉམས་སུ་ལེན་པ་གསང་བའི་དེབ
archive/VE001/UT001_0005.xml,isolated_dot,་.༔,བས༔ མན་ངག་ཀུན་གྱི་མདོ་བྱང་.༔ ཤྲཱི་སིང་ཧ་བདག་གིས་བཀོ.༔
archive/VE001/UT001_0005.xml,isolated_dot,ོ.༔,་.༔ ཤྲཱི་སིང་ཧ་བདག་གིས་བཀོ.༔ མན་ངག་གི་མདོ་བྱང་བསྡུས་པ
archive/VE001/UT001_0005.xml,isolated_dot,ོ.༔,ྲོད་བྱས་པས་ཉག་གཅིག་རྩ་བ་ཆོ.༔ འ.་འཛི་གཡོག་འཁོར་སྤངས་པས
archive/VE001/UT001_0005.xml,isolated_dot,འ.་,བྱས་པས་ཉག་གཅིག་རྩ་བ་ཆོ.༔ འ.་འཛི་གཡོག་འཁོར་སྤངས་པས་སྣང
archive/VE001/UT001_0006.xml,short_head,་,"<hi rend=""head"">་</hi>"
archive/VE001/UT001_0006.xml,short_head,༔ ,"<hi rend=""head"">༔ </hi>"
archive/VE001/UT001_0007.xml,short_head,ེ,"<hi rend=""head"">ེ</hi>"
archive/VE001/UT001_0007.xml,short_head,ས,"<hi rend=""head"">ས</hi>"
archive/VE001/UT001_0007.xml,short_head,ི,"<hi rend=""head"">ི</hi>"
archive/VE001/UT001_0007.xml,short_head,༔,"<hi rend=""head"">༔</hi>"
archive/VE001/UT001_0008.xml,short_head,ི,"<hi rend=""head"">ི</hi>"
archive/VE001/UT001_0008.xml,short_head,ི,"<hi rend=""head"">ི</hi>"
archive/VE001/UT001_0008.xml,short_head,ོ,"<hi rend=""head"">ོ</hi>"
archive/VE001/UT001_0009.xml,short_head,ེ,"<hi rend=""head"">ེ</hi>"
archive/VE001/UT001_0009.xml,short_head,༔ ,"<hi rend=""head"">༔ </hi>"
archive/VE001/UT001_0010.xml,short_head,ོ,"<hi rend=""head"">ོ</hi>"
archive/VE001/UT001_0010.xml,short_head,ི,"<hi rend=""head"">ི</hi>"
archive/VE001/UT001_0010.xml,short_head,ི་,"<hi rend=""head"">ི་</hi>"
archive/VE001/UT001_0010.xml,short_head,ི་,"<hi rend=""head"">ི་</hi>"
archive/VE001/UT001_0010.xml,short_head,་,"<hi rend=""head"">་</hi>"
archive/VE001/UT001_0010.xml,short_head,ི་,"<hi rend=""head"">ི་</hi>"
archive/VE001/UT001_0010.xml,short_head,ི་,"<hi rend=""head"">ི་</hi>"
archive/VE001/UT001_0010.xml,short_head,༔,"<hi rend=""head"">༔</hi>"
archive/VE001/UT001_0010.xml,short_head,ི་,"<hi rend=""head"">ི་</hi>"
archive/VE001/UT001_0011.xml,short_head,༔,"<hi rend=""head"">༔</hi>"
archive/VE001/UT001_0011.xml,short_head,༔,"<hi rend=""head"">༔</hi>"
archive/VE001/UT001_0011.xml,short_head,༔ ,"<hi rend=""head"">༔ </hi>"
archive/VE001/UT001_0011.xml,short_head,ད,"<hi rend=""head"">ད</hi>"
archive/VE001/UT001_0011.xml,short_head,༔,"<hi rend=""head"">༔</hi>"
archive/VE001/UT001_0011.xml,short_head,ི,"<hi rend=""head"">ི</hi>"
archive/VE001/UT001_0011.xml,short_head,ོ,"<hi rend=""head"">ོ</hi>"
archive/VE001/UT001_0012.xml,short_head,༔ ,"<hi rend=""head"">༔ </hi>"
archive/VE001/UT001_0012.xml,short_head,༔,"<hi rend=""head"">༔</hi>"
archive/VE001/UT001_0012.xml,short_head,༔,"<hi rend=""head"">༔</hi>"
archive/VE001/UT001_0012.xml,short_head,༔,"<hi rend=""head"">༔</hi>"
archive/VE001/UT001_0013.xml,short_head,༔ ,"<hi rend=""head"">༔ </hi>"
archive/VE001/UT001_0013.xml,short_head,༔,"<hi rend=""head"">༔</hi>"
archive/VE001/UT001_0013.xml,short_head,༔,"<hi rend=""head"">༔</hi>"
archive/VE001/UT001_0013.xml,short_head,༔ ,"<hi rend=""head"">༔ </hi>"
archive/VE001/UT001_0013.xml,short_head,༈ ,"<hi rend=""head"">༈ </hi>"
archive/VE001/UT001_0013.xml,short_head,༔ ,"<hi rend=""head"">༔ </hi>"
archive/VE001/UT001_0013.xml,short_head,༔ ,"<hi rend=""head"">༔ </hi>"
archive/VE001/UT001_0013.xml,short_head,༔,"<hi rend=""head"">༔</hi>"
archive/VE001/UT001_0013.xml,short_head,ི,"<hi rend=""head"">ི</hi>"
archive/VE001/UT001_0015.xml,tsheg_dot_tsheg,་.་,དི་དག་ཀུན༔ རྡོ་རྗེའི་མགུར་.་རབ་དྲིལ་ཏེ༔ ལྗགས་ཀྱི་དབང་
archive/VE001/UT001_0015.xml,tsheg_dot_tsheg,་.་,གམ་ནི༔ མཆན་ཁུང་ངམ་ནི་མགུལ་.་འོ༔ རང་བྱུང་ཆེན་པོའི་ཡི་ག
archive/VE001/UT001_0015.xml,tsheg_dot_tsheg,་.་,་ཡོན་ཏན་ཐོབ༔ མཆན་ཁུང་གཡོན་.་བཅངས་པ་ཡིས༔ འདི་ཡང་དེ་དང་
archive/VE001/UT001_0015.xml,comma_o,",ོ","ྒྱུད་ཀྱི་མན་ངག་ཅེས་བྱ་བ༔ ,ོག་མའི་མགོན་པོ་འོད་མི་འགྱུ"
archive/VE001/UT001_0015.xml,comma_tibetan,",ོ","ྒྱུད་ཀྱི་མན་ངག་ཅེས་བྱ་བ༔ ,ོག་མའི་མགོན་པོ་འོད་མི་འགྱུ"
archive/VE001/UT001_0015.xml,comma_tibetan,",ག","ེ་ནས་རྡོ་རྗེ་འཆང་གིས་ནི༔ ,གས་ཀྱི་དཀྱིལ་འཁོར་སྒོ་ཕྱེ་"
archive/VE001/UT001_0015.xml,comma_tibetan,",ི","་ནི་འདི་ལྟར་བཅང་༔ བདག་གི་,ི་བོའི་གཙུག་གམ་ནི༔ མཆན་ཁུང"
archive/VE001/UT001_0015.xml,comma_tibetan,",ི","གྱིས་གྲིལ་ནས་ཀྱང་༔ རང་གི་,ི་བོར་བཟུང་ན་ཡང་༔ འདི་ལ་སྤ"
archive/VE001/UT001_0015.xml,curly_brace,{,ེན་པོ༔ སྙིང་པོ་སྤྲུལ་པའི་{་འདི་ནི༔ ཀློག་དང་འཛིན་དང་
archive/VE001/UT001_0015.xml,curly_brace,{,་པ་མཐོང་བ་དེས༔ སྤྲུལ་པའི་{་ནི་འདི་ལྟར་བཅང་༔ བདག་གི་
archive/VE001/UT001_0015.xml,isolated_dot,་.ས,་མཆོད་འོས་རང་བཞིན་གྱི་ཚིག་.ས་གནད་ངེས་པ་བཞུགས་སོ༔ </hi
archive/VE001/UT001_0015.xml,isolated_dot,་.༔,་ཏཾ༔</hi> <lb/>རྒྱ་གར་སྐད་.༔ བུདྡྷ་སརྦ་0་ཏྲ་ཨེ་ཀ༔ ཏན་
archive/VE001/UT001_0015.xml,isolated_dot,་.༔,་ཨུ་པ་དྷེ་ཤ་ནཱ་མ༔ བོད་སྐད་.༔ སངས་རྒྱས་ཐམས་ཅད་ཀྱི་སྲས་
archive/VE001/UT001_0015.xml,isolated_dot,་.་,དི་དག་ཀུན༔ རྡོ་རྗེའི་མགུར་.་རབ་དྲིལ་ཏེ༔ ལྗགས་ཀྱི་དབང་
archive/VE001/UT001_0015.xml,isolated_dot,ག.ང,ོ༔ བསྟན་པའི་ས་བོན་ཡང་ཞུན་ག.ང་༔ .ོན་དམ་རྒྱལ་པོའི་རྟགས་
archive/VE001/UT001_0015.xml,isolated_dot,་.་,གམ་ནི༔ མཆན་ཁུང་ངམ་ནི་མགུལ་.་འོ༔ རང་བྱུང་ཆེན་པོའི་ཡི་ག
archive/VE001/UT001_0015.xml,isolated_dot,་.་,་ཡོན་ཏན་ཐོབ༔ མཆན་ཁུང་གཡོན་.་བཅངས་པ་ཡིས༔ འདི་ཡང་དེ་དང་
archive/VE001/UT001_0016.xml,tsheg_dot_tsheg,་.་,ཕྱིར༔ རིགས་དྲུག་ས་བོན་ཉིད་.་གནས༔ རིག་པ་{་གསུམ་དངོས་ཡི
archive/VE001/UT001_0016.xml,tsheg_dot_tsheg,་.་,ན་ཕྱིར༔ {་གསུམ་ཡི་གེ་གསུམ་.་ཤར༔ ཡི་གེའི་རྩལ་.ང་རུ་ཤན་
archive/VE001/UT001_0016.xml,tsheg_dot_tsheg,་.་,་.ང་རུ་ཤན་དབྱེ༔ .ེ་ནས་རྣལ་.་དབབ་པའི་ཕྱིར༔ ཉན་ཐོས་བྱང་
archive/VE001/UT001_0016.xml,tsheg_dot_tsheg,་.་,ྟུན་པས༔ ཡུལ་ལ་ཡེ་ཤེས་མངོན་.་སྣང་༔ མངོན་སུམ་གནད་ལས་འབྲ
archive/VE001/UT001_0016.xml,tsheg_dot_tsheg,་.་,ང་པ་ཞིག༔ ཕྱག་གཡས་པའི་མཐིལ་.་བབས་ཏེ༔ .ེ་ཞལ་ཕྱེ་བས་རིན་
archive/VE001/UT001_0016.xml,tsheg_dot_tsheg,་.་,ར་སྐད་.༔ བུད་དྷ་དྷེ་ཀ་ར་མ་.་ནཱ་མཿ བོད་སྐད་.༔ སངས་རྒྱས
archive/VE001/UT001_0016.xml,tsheg_dot_tsheg,་.་,་སངས་རྒྱས་ཐོབ་འདོད་ན༔ }ོན་.་འགྲོ་ལ་རྩལ་ཉིད་.ང༔ ལུས་དང
archive/VE001/UT001_0016.xml,tsheg_dot_tsheg,་.་,་ཉིད་ལས་མི་བསྒྲོད་པས༔ }ོན་.་འགྲོ་བ་དག་ལ་བསླབ༔ }ོན་འགྲ
archive/VE001/UT001_0016.xml,tsheg_dot_tsheg,་.་,་གཉིས་སུ་མེ.༔ ལྷག་མེད་ཉིད་.་འགྱུར་བ་འོ༔ ངག་གི་སྔོན་འག
archive/VE001/UT001_0016.xml,tsheg_dot_tsheg,་.་,ུམ་བྱ༔ རྩལ་.ང་གཉེན་བཙལ་ལམ་.་གཞུག༔ .ེ་ལྟར་ངག་གིས་སུས་བ
archive/VE001/UT001_0016.xml,tsheg_dot_tsheg,་.་,ས་ལུས་ངག་ཡིད་གསུམ་པོ༔ རྣལ་.་འབེབས་ལ་མཁས་པར་བྱ༔ .ེས་ནི
archive/VE001/UT001_0016.xml,tsheg_dot_tsheg,་.་,པོ་ཆེ་ལྔ་ཡི་ཡི་གེ་རང་བྱུང་.་བཀོད་པ༔ རིན་པོ་ཆེ་ཤེལ་གྱི
archive/VE001/UT001_0016.xml,tsheg_dot_tsheg,་.་,འ་རབ་རྡོ་རྗེ་བཟུང་བའི་དོན་.་སྣང་བར་བྱས་པ༔ མྱ་ངན་ལས་འད
archive/VE001/UT001_0016.xml,tsheg_dot_tsheg,་.་,ྒྱས་ཐམས་ཅད་ཀྱི༔ {་ཡི་ཀློང་.་མྱ་ངན་འདའ༔ ངག་ནི་བསླབ་བྱའ
archive/VE001/UT001_0016.xml,tsheg_dot_tsheg,་.་,་ཐམས་ཅད་ཀྱི༔ གསུང་གི་ཀློང་.་མྱ་ངན་འདའོ༔ སེམས་གནད་གཟིག
archive/VE001/UT001_0016.xml,tsheg_dot_tsheg,་.་,འཆར༔ ལུག་རྒྱུད་རིག་པ་བཙོན་.་བཟུང་༔ མངོན་སུམ་གནད་མཐོང་
archive/VE001/UT001_0016.xml,tsheg_dot_tsheg,་.་,ོད་འཛིན་པའི་ལྟ་བ་ནུབ༔ གོང་.་འཕེལ་བའི་ཉམས་སྣང་གིས༔ བར་
archive/VE001/UT001_0016.xml,tsheg_dot_tsheg,་.་,་གིས༔ བར་དོའི་ཡེ་ཤེས་མངོན་.་བྱས༔ རིག་པ་ཚད་ཕེབས་སྣང་བ་
archive/VE001/UT001_0016.xml,tsheg_dot_tsheg,་.་,ལ་མཐར་ཕྱིན་ན༔ མྱང་འདས་གཞན་.་བཙལ་མི་དགོས༔ མི་འགུལ་གསུམ
archive/VE001/UT001_0016.xml,tsheg_dot_tsheg,་.་,"་གཟེར་,ེབས་སོ༔ .ེ་ལས་བསྟན་.་མེད་དོ་སཱ་མཱ་ཡཱ༔ བསྟན་པ་ག"
archive/VE001/UT001_0016.xml,tsheg_dot_tsheg,་.་,ྡོ་རྗེའི་ཕྱག་གཡས་པའི་མཐིལ་.་བབས་པ༔ སངས་རྒྱས་ཀྱི་འདས་ར
archive/VE001/UT001_0016.xml,comma_o,",ོ","ོད་པ་གསུམ་གྱི་ཚད་ཟིན་ཏེ༔ ,ོབ་པ་གསུམ་གྱི་གཟེར་ཐེབས་ན༔"
archive/VE001/UT001_0016.xml,comma_o,",ོ","ོ་བྱ་བའི་ཕྱིར༔ རིགས་དྲུག་,ོད་པ་སྣ་ཚོགས་,.༔ དཀོན་མཆོག"
archive/VE001/UT001_0016.xml,comma_o,",ོ","ས་,.༔ དཀོན་མཆོག་གསུམ་གྱི་,ོད་པ་བྱ༔ སྐྱིལ་ཀྲུང་མཐིལ་ས"
archive/VE001/UT001_0016.xml,comma_o,",ོ","ི་གནས་ས་བཙལ༔ མ་རྙེད་ལོངས་,ོད་{་དང་སྤྲ.༔ .ེ་ནས་སེམས་ཀ"
archive/VE001/UT001_0016.xml,comma_o,",ོ","་ཚད་ཕེབས་སྣང་བ་ཡིས༔ ལོངས་,ོད་རྫོགས་པའི་{་ངོས་ཟིན༔ ཆོ"
archive/VE001/UT001_0016.xml,comma_o,",ོ","་ནི་ལུས་ངག་ཡིད་ལ་འབྱུང་༔ ,ོབ་པ་གསུམ་གྱི་གཟེར་,ེབས་སོ"
archive/VE001/UT001_0016.xml,comma_tibetan,",ོ","ོད་པ་གསུམ་གྱི་ཚད་ཟིན་ཏེ༔ ,ོབ་པ་གསུམ་གྱི་གཟེར་ཐེབས་ན༔"
archive/VE001/UT001_0016.xml,comma_tibetan,",ན","ི་གནད་ལ་མཁས་གྱུར་ན༔ མཆོག་,ན་དགོངས་པ་ལ་མཁས་འགྱུར༔ དབེ"
archive/VE001/UT001_0016.xml,comma_tibetan,",ོ","ོ་བྱ་བའི་ཕྱིར༔ རིགས་དྲུག་,ོད་པ་སྣ་ཚོགས་,.༔ དཀོན་མཆོག"
archive/VE001/UT001_0016.xml,comma_tibetan,",ོ","ས་,.༔ དཀོན་མཆོག་གསུམ་གྱི་,ོད་པ་བྱ༔ སྐྱིལ་ཀྲུང་མཐིལ་ས"
archive/VE001/UT001_0016.xml,comma_tibetan,",ི","མཐིལ་སྤྲད་དྲང་པོར་བསྲང་༔ ,ི་བོར་ཐལ་མོ་.ར་བར་བྱ༔ .ེ་ལ"
archive/VE001/UT001_0016.xml,comma_tibetan,",ོ","ི་གནས་ས་བཙལ༔ མ་རྙེད་ལོངས་,ོད་{་དང་སྤྲ.༔ .ེ་ནས་སེམས་ཀ"
archive/VE001/UT001_0016.xml,comma_tibetan,",ོ","་ཚད་ཕེབས་སྣང་བ་ཡིས༔ ལོངས་,ོད་རྫོགས་པའི་{་ངོས་ཟིན༔ ཆོ"
archive/VE001/UT001_0016.xml,comma_tibetan,",ོ","་ནི་ལུས་ངག་ཡིད་ལ་འབྱུང་༔ ,ོབ་པ་གསུམ་གྱི་གཟེར་,ེབས་སོ"
archive/VE001/UT001_0016.xml,comma_tibetan,",ེ","ུང་༔ ,ོབ་པ་གསུམ་གྱི་གཟེར་,ེབས་སོ༔ .ེ་ལས་བསྟན་.་མེད་ད"
archive/VE001/UT001_0016.xml,curly_brace,{,ག་ས་བོན་ཉིད་.་གནས༔ རིག་པ་{་གསུམ་དངོས་ཡིན་ཕྱིར༔ {་གས
archive/VE001/UT001_0016.xml,curly_brace,{,་པ་{་གསུམ་དངོས་ཡིན་ཕྱིར༔ {་གསུམ་ཡི་གེ་གསུམ་.་ཤར༔ ཡི
archive/VE001/UT001_0016.xml,curly_brace,},་པར་སངས་རྒྱས་ཐོབ་འདོད་ན༔ }ོན་.་འགྲོ་ལ་རྩལ་ཉིད་.ང༔ ལ
archive/VE001/UT001_0016.xml,curly_brace,},སུམ་ཉིད་ལས་མི་བསྒྲོད་པས༔ }ོན་.་འགྲོ་བ་དག་ལ་བསླབ༔ }ོ
archive/VE001/UT001_0016.xml,curly_brace,}, }ོན་.་འགྲོ་བ་དག་ལ་བསླབ༔ }ོན་འགྲོའི་གནད་ལ་མཁས་གྱུར་
archive/VE001/UT001_0016.xml,curly_brace,{,་པ་འདག༔ ལུས་དེ་སྤྲུལ་པའི་{ར་གྲོལ་ནས༔ སངས་རྒྱས་{་དང་
archive/VE001/UT001_0016.xml,curly_brace,{,པའི་{ར་གྲོལ་ནས༔ སངས་རྒྱས་{་དང་གཉིས་སུ་མེ.༔ ལྷག་མེད་
archive/VE001/UT001_0016.xml,curly_brace,{,ག༔ མི་ལྡོག་གཉིས་མེད་ལོངས་{ར་གྲོལ༔ ཡིད་ཀྱི་སྔོན་འགྲོ
archive/VE001/UT001_0016.xml,curly_brace,{,ུང་ས་བཙལ༔ མ་རྙེད་ཆོས་ཀྱི་{་དང་སྤྲ.༔ .ེ་ནས་སེམས་ཀྱི་
archive/VE001/UT001_0016.xml,curly_brace,{,"ས་ས་བཙལ༔ མ་རྙེད་ལོངས་,ོད་{་དང་སྤྲ.༔ .ེ་ནས་སེམས་ཀྱི་"
archive/VE001/UT001_0016.xml,curly_brace,{,་ས་བཙལ༔ མ་རྙེད་སྤྲུལ་པའི་{་དང་སྤྲ.༔ .ེ་ལྟར་སེམས་ཀྱི
archive/VE001/UT001_0016.xml,curly_brace,{,གསུམ་ལྡོག་པ་མེ.༔ ཆོས་ཀྱི་{ར་གྲོལ་གཉིས་མེད་འདའ༔ .ེ་ན
archive/VE001/UT001_0016.xml,curly_brace,{,ལུས་ནི་མྱ་ངན་འདའ་འདོད་ན༔ {་གསུམ་བཞུགས་སྟངས་ཉིད་ལ་བས
archive/VE001/UT001_0016.xml,curly_brace,{,སུམ་སངས་རྒྱས་ཐམས་ཅད་ཀྱི༔ {་ཡི་ཀློང་.་མྱ་ངན་འདའ༔ ངག་
archive/VE001/UT001_0016.xml,curly_brace,{,ལྟར་གནད་གསུམ་གཟིར་བ་ཡིས༔ {་གསུམ་རིག་པ་སྟོང་པར་འཆར༔ 
archive/VE001/UT001_0016.xml,curly_brace,{,"་ཡིས༔ ལོངས་,ོད་རྫོགས་པའི་{་ངོས་ཟིན༔ ཆོས་ཉིད་ཟད་པའི་"
archive/VE001/UT001_0016.xml,isolated_dot,་.༔,་སོ༔</hi> <lb/>རྒྱ་གར་སྐད་.༔ བུད་དྷ་དྷེ་ཀ་ར་ཡེ་དྷུ་ནཱ
archive/VE001/UT001_0016.xml,isolated_dot,་.༔,་ཀ་ར་ཡེ་དྷུ་ནཱ་མ༔ བོད་སྐད་.༔ སངས་རྒྱས་ཀྱི་ཞལ་ཆེམས་དང་
archive/VE001/UT001_0016.xml,isolated_dot,་.ང, མི་རྟག་སྙིང་རྗེ་བྱང་སེམས་.ང་༔ ལུས་འདི་མ་རིག་རྒྱུས་བས
archive/VE001/UT001_0016.xml,isolated_dot,་.་,ཕྱིར༔ རིགས་དྲུག་ས་བོན་ཉིད་.་གནས༔ རིག་པ་{་གསུམ་དངོས་ཡི
archive/VE001/UT001_0016.xml,isolated_dot,་.་,ན་ཕྱིར༔ {་གསུམ་ཡི་གེ་གསུམ་.་ཤར༔ ཡི་གེའི་རྩལ་.ང་རུ་ཤན་
archive/VE001/UT001_0016.xml,isolated_dot,་.ང,གེ་གསུམ་.་ཤར༔ ཡི་གེའི་རྩལ་.ང་རུ་ཤན་དབྱེ༔ .ེ་ནས་རྣལ་.་
archive/VE001/UT001_0016.xml,isolated_dot,་.་,་.ང་རུ་ཤན་དབྱེ༔ .ེ་ནས་རྣལ་.་དབབ་པའི་ཕྱིར༔ ཉན་ཐོས་བྱང་
archive/VE001/UT001_0016.xml,isolated_dot,འ.ག,བཏང་སྟེ༔ གླང་སེང་དྲང་སོང་འ.ག་སྟངས་བཅའ༔ ངག་ནི་སྨྲ་བ་རྒ
archive/VE001/UT001_0016.xml,isolated_dot,་.་,ྟུན་པས༔ ཡུལ་ལ་ཡེ་ཤེས་མངོན་.་སྣང་༔ མངོན་སུམ་གནད་ལས་འབྲ
archive/VE001/UT001_0016.xml,isolated_dot,ེ.༔,ྐན༔ མྱ་ངན་འདའ་བར་ཐེ-ཚོམ་མེ.༔ ཅེས་སུམ་ཅུ་རྩ་གསུམ་གྱི་ལ
archive/VE001/UT001_0016.xml,isolated_dot,ག.ང,རབ་རྡོ་རྗེ་ས་ལ་འགྱེལ་ཞིང་ག.ང་བའི་སྨྲེ་སྔགས་ཕྱུང་པ༔ ཀྱ
archive/VE001/UT001_0016.xml,isolated_dot,་.་,ང་པ་ཞིག༔ ཕྱག་གཡས་པའི་མཐིལ་.་བབས་ཏེ༔ .ེ་ཞལ་ཕྱེ་བས་རིན་
archive/VE001/UT001_0016.xml,isolated_dot,་.༔,ས་མ་ཡཱ༔ ༔ <lb/>རྒྱ་གར་སྐད་.༔ བུད་དྷ་དྷེ་ཀ་ར་མ་.་ནཱ་མཿ
archive/VE001/UT001_0016.xml,isolated_dot,་.་,ར་སྐད་.༔ བུད་དྷ་དྷེ་ཀ་ར་མ་.་ནཱ་མཿ བོད་སྐད་.༔ སངས་རྒྱས
archive/VE001/UT001_0016.xml,isolated_dot,་.༔,དྷེ་ཀ་ར་མ་.་ནཱ་མཿ བོད་སྐད་.༔ སངས་རྒྱས་ཀྱི་འདས་རྗེས་གཉ
archive/VE001/UT001_0016.xml,isolated_dot,་.་,་སངས་རྒྱས་ཐོབ་འདོད་ན༔ }ོན་.་འགྲོ་ལ་རྩལ་ཉིད་.ང༔ ལུས་དང
archive/VE001/UT001_0016.xml,isolated_dot,་.ང,ད་ན༔ }ོན་.་འགྲོ་ལ་རྩལ་ཉིད་.ང༔ ལུས་དང་ངག་དང་ཡིད་གསུམ་པ
archive/VE001/UT001_0016.xml,isolated_dot,་.་,་ཉིད་ལས་མི་བསྒྲོད་པས༔ }ོན་.་འགྲོ་བ་དག་ལ་བསླབ༔ }ོན་འགྲ
archive/VE001/UT001_0016.xml,isolated_dot,འ.ག, དབེན་པའི་གནས་སུ་གཅིག་0ར་འ.ག༔ ལུས་ཀྱི་སྔོན་འགྲོ་བྱ་བའ
archive/VE001/UT001_0016.xml,isolated_dot,་.ར,"ང་པོར་བསྲང་༔ ,ི་བོར་ཐལ་མོ་.ར་བར་བྱ༔ .ེ་ལྟར་ལུས་ཀྱིས་ས"
archive/VE001/UT001_0016.xml,isolated_dot,ེ.༔,༔ སངས་རྒྱས་{་དང་གཉིས་སུ་མེ.༔ ལྷག་མེད་ཉིད་.་འགྱུར་བ་འོ
archive/VE001/UT001_0016.xml,isolated_dot,་.་,་གཉིས་སུ་མེ.༔ ལྷག་མེད་ཉིད་.་འགྱུར་བ་འོ༔ ངག་གི་སྔོན་འག
archive/VE001/UT001_0016.xml,isolated_dot,ོ.༔,་དྲུག་སྒྲ་སྐད་སྣ་ཚོགས་བརྗོ.༔ ཞི་ཁྲོའི་སྒྲ་དང་འབྱུང་བའ
archive/VE001/UT001_0016.xml,isolated_dot,་.ང,་སྒྲ༔ རྣམ་པ་སྣ་ཚོགས་ཉིད་ལ་.ང༔ རྒྱས་གདབ་གནད་ལ་ཞག་གསུམ་
archive/VE001/UT001_0016.xml,isolated_dot,་.ང,གདབ་གནད་ལ་ཞག་གསུམ་བྱ༔ རྩལ་.ང་གཉེན་བཙལ་ལམ་.་གཞུག༔ .ེ་ལ
archive/VE001/UT001_0016.xml,isolated_dot,་.་,ུམ་བྱ༔ རྩལ་.ང་གཉེན་བཙལ་ལམ་.་གཞུག༔ .ེ་ལྟར་ངག་གིས་སུས་བ
archive/VE001/UT001_0016.xml,isolated_dot,ྲ.༔,ལ༔ མ་རྙེད་ཆོས་ཀྱི་{་དང་སྤྲ.༔ .ེ་ནས་སེམས་ཀྱི་གནས་ས་བཙལ
archive/VE001/UT001_0016.xml,isolated_dot,ྲ.༔,"༔ མ་རྙེད་ལོངས་,ོད་{་དང་སྤྲ.༔ .ེ་ནས་སེམས་ཀྱི་འགྲོ་ས་བཙ"
archive/VE001/UT001_0016.xml,isolated_dot,ྲ.༔, མ་རྙེད་སྤྲུལ་པའི་{་དང་སྤྲ.༔ .ེ་ལྟར་སེམས་ཀྱིས་སུས་བྱས
archive/VE001/UT001_0016.xml,isolated_dot,ེ.༔,ྒྲིབ་དག་ཁམས་གསུམ་ལྡོག་པ་མེ.༔ ཆོས་ཀྱི་{ར་གྲོལ་གཉིས་མེད
archive/VE001/UT001_0016.xml,isolated_dot,་.་,ས་ལུས་ངག་ཡིད་གསུམ་པོ༔ རྣལ་.་འབེབས་ལ་མཁས་པར་བྱ༔ .ེས་ནི
archive/VE001/UT001_0016.xml,isolated_dot,་.ར,ིད་གསུམ་བྱ་བ་སྤང་༔ འདི་ནི་.ར་ཁྲོད་ཆེན་པོ་མི་རེ་འབར་བའ
archive/VE001/UT001_0016.xml,isolated_dot,འ.་,ཤར་ཕྱོགས་ཌཱཀྐི་མ་སྣ་ཚོགས་འ.་བའི་གནས་སུ༔ ཡང་དག་པར་རྫོག
archive/VE001/UT001_0016.xml,isolated_dot,ག.ང,་རབ་རྡོ་རྗེ་ས་ལ་འགྱེལ་ཏེ་ག.ང་བའི་སྨྲེ་སྔགས་ཕྱུང་པས༔ ཀ
archive/VE001/UT001_0016.xml,isolated_dot,མ.ན,རྗོད་དེ་བརྒྱལ་སངས་པ་དང་༔ མ.ན་གྱི་ནམ་མཁའ་འོད་ཕུང་གི་དཀ
archive/VE001/UT001_0016.xml,isolated_dot,་.༔,ི་ནམ་མཁའ་འོད་ཕུང་གི་དཀྱིལ་.༔ ཕྱག་གཡས་པའི་གྲུ་མོ་མན་ཆད
archive/VE001/UT001_0016.xml,isolated_dot,་.་,པོ་ཆེ་ལྔ་ཡི་ཡི་གེ་རང་བྱུང་.་བཀོད་པ༔ རིན་པོ་ཆེ་ཤེལ་གྱི
archive/VE001/UT001_0016.xml,isolated_dot,་.་,འ་རབ་རྡོ་རྗེ་བཟུང་བའི་དོན་.་སྣང་བར་བྱས་པ༔ མྱ་ངན་ལས་འད
archive/VE001/UT001_0016.xml,isolated_dot,ུ.་,ྲ་བ༔ བསྟན་པ་ཐམས་ཅད་ཀྱི་བཅུ.་བསྡུས་ཤིང་བུ་གཅིག་པར་བསྟན
archive/VE001/UT001_0016.xml,isolated_dot,་.༔,་མཱ་ཡཱ༔ ༔ <lb/>རྒྱ་གར་སྐད་.༔ བུད་དྷ་དེ་ཀ་ར་ཡ་ཏྲི་ནཱ་མ
archive/VE001/UT001_0016.xml,isolated_dot,་.༔,ེ་ཀ་ར་ཡ་ཏྲི་ནཱ་མ༔ བོད་སྐད་.༔ སངས་རྒྱས་ཀྱི་འདས་རྗེས་གས
archive/VE001/UT001_0016.xml,isolated_dot,་.་,ྒྱས་ཐམས་ཅད་ཀྱི༔ {་ཡི་ཀློང་.་མྱ་ངན་འདའ༔ ངག་ནི་བསླབ་བྱའ
archive/VE001/UT001_0016.xml,isolated_dot,་.་,་ཐམས་ཅད་ཀྱི༔ གསུང་གི་ཀློང་.་མྱ་ངན་འདའོ༔ སེམས་གནད་གཟིག
archive/VE001/UT001_0016.xml,isolated_dot,་.་,འཆར༔ ལུག་རྒྱུད་རིག་པ་བཙོན་.་བཟུང་༔ མངོན་སུམ་གནད་མཐོང་
archive/VE001/UT001_0016.xml,isolated_dot,ེ.༔,ོན་སུམ་གནད་མཐོང་བཟློག་པ་མེ.༔ ཆོས་ཉིད་མངོན་སུམ་སྣང་བ་ཡ
archive/VE001/UT001_0016.xml,isolated_dot,་.་,ོད་འཛིན་པའི་ལྟ་བ་ནུབ༔ གོང་.་འཕེལ་བའི་ཉམས་སྣང་གིས༔ བར་
archive/VE001/UT001_0016.xml,isolated_dot,་.་,་གིས༔ བར་དོའི་ཡེ་ཤེས་མངོན་.་བྱས༔ རིག་པ་ཚད་ཕེབས་སྣང་བ་
archive/VE001/UT001_0016.xml,isolated_dot,་.་,ལ་མཐར་ཕྱིན་ན༔ མྱང་འདས་གཞན་.་བཙལ་མི་དགོས༔ མི་འགུལ་གསུམ
archive/VE001/UT001_0016.xml,isolated_dot,་.་,"་གཟེར་,ེབས་སོ༔ .ེ་ལས་བསྟན་.་མེད་དོ་སཱ་མཱ་ཡཱ༔ བསྟན་པ་ག"
archive/VE001/UT001_0016.xml,isolated_dot,་.ས,དང་༔ སད་སེར་མུ་གེ་གཟས་ཟིན་.ས༔ ཕྱོགས་བསྟུན་ལྕེ་ཡིས་འདི
archive/VE001/UT001_0016.xml,isolated_dot,ག.ང,་པའི་ཚེ༔ དགའ་རབ་རྡོ་རྗེས་ག.ང་བའི་སྨྲེ་སྔགས་བྱུང་བས༔ ར
archive/VE001/UT001_0016.xml,isolated_dot,་.་,ྡོ་རྗེའི་ཕྱག་གཡས་པའི་མཐིལ་.་བབས་པ༔ སངས་རྒྱས་ཀྱི་འདས་ར
archive/VE001/UT001_0016.xml,short_head,༔,"<hi rend=""head"">༔</hi>"
archive/VE001/UT001_0017.xml,tsheg_dot_tsheg,་.་,ལུས་དང་ངག་དང་ཡིད་ཀྱི་སྔོན་.་འགྲོ་བ་ལ་རྩལ་.ང་བར་བྱའོ༔ 
archive/VE001/UT001_0017.xml,tsheg_dot_tsheg,་.་,ོ་བ་ལ་རྩལ་.ང་བར་བྱའོ༔ རྣལ་.་དབབ་པའི་ཆོ་གས་སོར་གཞུག་པར
archive/VE001/UT001_0017.xml,tsheg_dot_tsheg,་.་,ྣང་བའི་རང་བཞིན་ཆོས་ཐམས་ཅད་.་འགྱུར་རོ༔ .ེས་ནི་ཆོས་ཉིད་
archive/VE001/UT001_0017.xml,tsheg_dot_tsheg,་.་,"ྡོ་རྗེའི་,ི་བོ་དང་ལག་མཐིལ་.་རིན་པོ་ཆེ་ཤེལ་གྱི་ཟ་མ་ཏོག"
archive/VE001/UT001_0017.xml,tsheg_dot_tsheg,་.་,་རུ་ཤན་མ་ཕྱེད་པས་ཁམས་གསུམ་.་ལྡོག་པས་ན་ལུས་རུ་ཤན་འབྱེད
archive/VE001/UT001_0017.xml,tsheg_dot_tsheg,་.་,ུ་ཤན་མ་ཕྱེད་ན་ངག་ཁམས་གསུམ་.་ལྡོག་པར་འགྱུར་བས་ངག་རུ་ཤན
archive/VE001/UT001_0017.xml,tsheg_dot_tsheg,་.་,ཤན་མ་ཕྱེད་ན་སེམས་ཁམས་གསུམ་.་ལྡོག་པས་ན་སེམས་རུ་ཤན་འབྱེ
archive/VE001/UT001_0017.xml,tsheg_dot_tsheg,་.་,མཁས་པར་བྱའོ༔.ེ་ནས་ལུས་རྣལ་.་མ་ཕབ་ན་ལུས་སོར་མི་ཆུད་དོ༔
archive/VE001/UT001_0017.xml,tsheg_dot_tsheg,་.་,ལུས་སོར་མི་ཆུད་དོ༔ ངག་རྣལ་.་མ་ཕབ་ན་ངག་སོར་མི་ཆུད་དོ༔.
archive/VE001/UT001_0017.xml,tsheg_dot_tsheg,་.་,་མི་ཆུད་དོ༔.ེ་ནས་སེམས་རྣལ་.་མ་ཕབ་ན་སེམས་སོར་མི་ཆུད་དོ
archive/VE001/UT001_0017.xml,tsheg_dot_tsheg,་.་,་སོ༔ སྣང་བ་ཐམས་ཅད་ཆོས་ཉིད་.་འཆར་བར་འདོད་ན༔ མིག་{་གསུམ
archive/VE001/UT001_0017.xml,tsheg_dot_tsheg,་.་,བ་གཟིགས་སྣང་ཐམས་ཅད་རང་སྣང་.་འཆར་བའི་གནད་དོ༔ ཨེ་མ་ཧོ༔ 
archive/VE001/UT001_0017.xml,tsheg_dot_tsheg,་.་,ེ་ལྟར་སུས་བྱེད་པ་ཁམས་གསུམ་.་ལྡོག་རེ་ཀན༔ .བུ་རྒྱ་འགར་བ
archive/VE001/UT001_0017.xml,tsheg_dot_tsheg,་.་,་མ་ཀྱེ་མ་རིགས་ཀྱི་བུ༔ }ོན་.་འགྲོ་བའི་གནད་ལ་མཁས་ན་མཆོག
archive/VE001/UT001_0017.xml,tsheg_dot_tsheg,་.་,་དང་ངག་དང་སེམས་ཉིད་ལ༔ རྣལ་.་ཕེབས་ལ་མཁས་པར་བྱ༔ .ེས་ནི་
archive/VE001/UT001_0017.xml,tsheg_dot_tsheg,་.་, རིགས་ཀྱི་བུ༔ ལུས་ཀྱི་གནད་.་ཆོས་ཀྱི་{འི་བཞུགས་སྟངས་སེ
archive/VE001/UT001_0017.xml,tsheg_dot_tsheg,་.་,་རྒྱས་ཐམས་ཅད་ཀྱི་{འི་ཀློང་.་མྱ་ངན་ལས་འདའ་བར་འགྱུར་རོ༔
archive/VE001/UT001_0017.xml,tsheg_dot_tsheg,་.་,སངས་རྒྱས་ཀྱི་གསུང་གི་ཀློང་.་མྱ་ངན་ལས་འདའ་བར་འགྱུར་རོ༔
archive/VE001/UT001_0017.xml,tsheg_dot_tsheg,་.་,ནི༔ གཟིགས་སྟངས་རྣམ་པ་གསུམ་.་གྲགས༔ ཆོས་{་ལོངས་{་སྤྲུལ་
archive/VE001/UT001_0017.xml,tsheg_dot_tsheg,་.་,པའི་ལྟ་བ་ནུབ༔ ཉམས་སྣང་གོང་.་འཕེལ་བ་ཡིས༔ བར་དོའི་ཡེ་ཤེ
archive/VE001/UT001_0017.xml,tsheg_dot_tsheg,་.་,་ཡིས༔ བར་དོའི་ཡེ་ཤེས་མངོན་.་བྱས༔ རིག་པ་ཚད་ཕེབས་སྣང་བ་
archive/VE001/UT001_0017.xml,tsheg_dot_tsheg,་.་,ལ་མཐར་ཕྱིན་ན༔ མྱང་འདས་གཞན་.་བཙལ་མི་དགོས༔ ཨྠིྀ༔ <lb/>མ
archive/VE001/UT001_0017.xml,tsheg_dot_tsheg,་.་,ྡོ་རྗེའི་ཕྱག་གཡས་པའི་མཐིལ་.་བབས་པ་སངས་རྒྱས་ཀྱི་འདས་རྗ
archive/VE001/UT001_0017.xml,comma_o,",ོ","་བྱས་པས་སངས་རྒྱས་ཀྱི་མཛད་,ོད་ལ་རེག་པའོ༔ ལུས་ནི་བཞུགས"
archive/VE001/UT001_0017.xml,comma_o,",ོ","ད་ཟུངས་ཤིག༔ སོ་ཕག་ཤི་ཐཾ༔ ,ོབ་པ་གསུམ་གྱིས་གཟེར་ཐོག་ཅི"
archive/VE001/UT001_0017.xml,comma_o,",ོ",",གས་སུ་འདས་པ་ཡིས༔ འདི་.ས་,ོད་པར་བྱས་པ་འོ༔ .ེ་ཡིས་ལུས"
archive/VE001/UT001_0017.xml,comma_o,",ོ","་ཚད་ཕེབས་སྣང་བ་ཡིས༔ ལོངས་,ོད་རྫོགས་པའི་{་ངོས་ཟིན༔ ཆོ"
archive/VE001/UT001_0017.xml,comma_tibetan,",ས","༄༅།</hi> <hi rend=""head"">,སངས་རྒྱས་ཀྱི་འདས་རྗེས་གསུམ"
archive/VE001/UT001_0017.xml,comma_tibetan,",ོ","་བྱས་པས་སངས་རྒྱས་ཀྱི་མཛད་,ོད་ལ་རེག་པའོ༔ ལུས་ནི་བཞུགས"
archive/VE001/UT001_0017.xml,comma_tibetan,",ི","བསྟན་ནས་དགའ་རབ་རྡོ་རྗེའི་,ི་བོ་དང་ལག་མཐིལ་.་རིན་པོ་ཆ"
archive/VE001/UT001_0017.xml,comma_tibetan,",ོ","ད་ཟུངས་ཤིག༔ སོ་ཕག་ཤི་ཐཾ༔ ,ོབ་པ་གསུམ་གྱིས་གཟེར་ཐོག་ཅི"
archive/VE001/UT001_0017.xml,comma_tibetan,",ན","་བའི་གནད་ལ་མཁས་ན་མཆོག་དང ,ན་མོང་གི་དགོས་པ་ལ་མཁས་པར་འ"
archive/VE001/UT001_0017.xml,comma_tibetan,",ན"," སྡིག་པ་མ་ལུས་འདག་པར་ནི༔ ,ན་མོང་གྱུར་པའི་དགོས་པ་འོ༔ "
archive/VE001/UT001_0017.xml,comma_tibetan,",ག"," {་རུ་གྲོལ་བ་དང་༔ {་གསུང་,གས་སུ་འདས་པ་ཡིས༔ འདི་.ས་,ོ"
archive/VE001/UT001_0017.xml,comma_tibetan,",ོ",",གས་སུ་འདས་པ་ཡིས༔ འདི་.ས་,ོད་པར་བྱས་པ་འོ༔ .ེ་ཡིས་ལུས"
archive/VE001/UT001_0017.xml,comma_tibetan,",ོ","་ཚད་ཕེབས་སྣང་བ་ཡིས༔ ལོངས་,ོད་རྫོགས་པའི་{་ངོས་ཟིན༔ ཆོ"
archive/VE001/UT001_0017.xml,comma_tibetan,",་","ུབ་ཀུན་གྱི་རྩ་བར་འབྱུང་༔ ,་ཧྱ་ས་མ་ཡ༔ སོ་ཕག་ཤི་ཐཾ༔ རི"
archive/VE001/UT001_0017.xml,curly_brace,{,་ངན་ལས་འདའ་བར་འདོད་ན་ལུས་{་གསུམ་གྱི་བཞུགས་སྟངས་ལས་མ
archive/VE001/UT001_0017.xml,curly_brace,{,ཉིད་.་འཆར་བར་འདོད་ན༔ མིག་{་གསུམ་གྱི་གཟིགས་སྟངས་ལས་མ
archive/VE001/UT001_0017.xml,curly_brace,{,ེན་པོ་མེ་རི་འབར་བར་སྤྲུལ་{་མྱ་ངན་ལས་འདས་པའི་ཚུལ་བསྟ
archive/VE001/UT001_0017.xml,curly_brace,},ཀྱེ་མ་ཀྱེ་མ་རིགས་ཀྱི་བུ༔ }ོན་.་འགྲོ་བའི་གནད་ལ་མཁས་ན
archive/VE001/UT001_0017.xml,curly_brace,{,"ུམ་མི་འཇུག་དང་༔ སོ་སོའི- {་རུ་གྲོལ་བ་དང་༔ {་གསུང་,ག"
archive/VE001/UT001_0017.xml,curly_brace,{,"ོ་སོའི- {་རུ་གྲོལ་བ་དང་༔ {་གསུང་,གས་སུ་འདས་པ་ཡིས༔ འ"
archive/VE001/UT001_0017.xml,curly_brace,{,ུ༔ ལུས་ཀྱི་གནད་.་ཆོས་ཀྱི་{འི་བཞུགས་སྟངས་སེང་གེ་ལྟ་བ
archive/VE001/UT001_0017.xml,curly_brace,{,ས་སེང་གེ་ལྟ་བུ་དང་༔ ལོངས་{་ནི་གླང་པོ་ཆེ་ལྟ་བུ་དང་༔ 
archive/VE001/UT001_0017.xml,curly_brace,{,པོ་ཆེ་ལྟ་བུ་དང་༔ སྤྲུལ་པ་{འི་བཞུགས་སྟངས་ནི་དྲང་སྲོང
archive/VE001/UT001_0017.xml,curly_brace,{,དས་ན་སངས་རྒྱས་ཐམས་ཅད་ཀྱི་{འི་ཀློང་.་མྱ་ངན་ལས་འདའ་བར
archive/VE001/UT001_0017.xml,curly_brace,{,ས་རྣམ་པ་གསུམ་.་གྲགས༔ ཆོས་{་ལོངས་{་སྤྲུལ་{་ཡི༔ གཟིགས
archive/VE001/UT001_0017.xml,curly_brace,{,་གསུམ་.་གྲགས༔ ཆོས་{་ལོངས་{་སྤྲུལ་{་ཡི༔ གཟིགས་སྟངས་ག
archive/VE001/UT001_0017.xml,curly_brace,{,གྲགས༔ ཆོས་{་ལོངས་{་སྤྲུལ་{་ཡི༔ གཟིགས་སྟངས་གསུམ་ལས་མ
archive/VE001/UT001_0017.xml,curly_brace,{,"་ཡིས༔ ལོངས་,ོད་རྫོགས་པའི་{་ངོས་ཟིན༔ ཆོས་ཉིད་ཟད་པའི་"
archive/VE001/UT001_0017.xml,isolated_dot,་.༔,ུགས༔</hi> <lb/>རྒྱ་གར་སྐད་.༔ བྷུདྡྷ་དྷེ་ཀ་ར་ཨེ་ཀ༔ བོད
archive/VE001/UT001_0017.xml,isolated_dot,་.༔,དྡྷ་དྷེ་ཀ་ར་ཨེ་ཀ༔ བོད་སྐད་.༔ སངས་རྒྱས་ཀྱི་འདས་རྗེས་དང
archive/VE001/UT001_0017.xml,isolated_dot,་.་,ལུས་དང་ངག་དང་ཡིད་ཀྱི་སྔོན་.་འགྲོ་བ་ལ་རྩལ་.ང་བར་བྱའོ༔ 
archive/VE001/UT001_0017.xml,isolated_dot,་.ང,ད་ཀྱི་སྔོན་.་འགྲོ་བ་ལ་རྩལ་.ང་བར་བྱའོ༔ རྣལ་.་དབབ་པའི་ཆ
archive/VE001/UT001_0017.xml,isolated_dot,་.་,ོ་བ་ལ་རྩལ་.ང་བར་བྱའོ༔ རྣལ་.་དབབ་པའི་ཆོ་གས་སོར་གཞུག་པར
archive/VE001/UT001_0017.xml,isolated_dot,་.་,ྣང་བའི་རང་བཞིན་ཆོས་ཐམས་ཅད་.་འགྱུར་རོ༔ .ེས་ནི་ཆོས་ཉིད་
archive/VE001/UT001_0017.xml,isolated_dot,ག.ང,ྲུལ་པ་པོ་དགའ་རབ་རྡོ་རྗེས་ག.ང་བའི་སྨྲེ་སྔགས་བཏོན་པ༔ ཀྱ
archive/VE001/UT001_0017.xml,isolated_dot,་.་,"ྡོ་རྗེའི་,ི་བོ་དང་ལག་མཐིལ་.་རིན་པོ་ཆེ་ཤེལ་གྱི་ཟ་མ་ཏོག"
archive/VE001/UT001_0017.xml,isolated_dot,་.༔,སོ༔ ཨྠིྀ༔ <lb/>རྒྱ་གར་སྐད་.༔ བྷུདྡྷ་དྷེ་ཀ་ར་དྷུ་ཡེ༔ བ
archive/VE001/UT001_0017.xml,isolated_dot,་.༔,ྷ་དྷེ་ཀ་ར་དྷུ་ཡེ༔ བོད་སྐད་.༔ སངས་རྒྱས་ཀྱི་ཞལ་ཆེམས་གཉི
archive/VE001/UT001_0017.xml,isolated_dot,་.་,་རུ་ཤན་མ་ཕྱེད་པས་ཁམས་གསུམ་.་ལྡོག་པས་ན་ལུས་རུ་ཤན་འབྱེད
archive/VE001/UT001_0017.xml,isolated_dot,་.་,ུ་ཤན་མ་ཕྱེད་ན་ངག་ཁམས་གསུམ་.་ལྡོག་པར་འགྱུར་བས་ངག་རུ་ཤན
archive/VE001/UT001_0017.xml,isolated_dot,་.་,ཤན་མ་ཕྱེད་ན་སེམས་ཁམས་གསུམ་.་ལྡོག་པས་ན་སེམས་རུ་ཤན་འབྱེ
archive/VE001/UT001_0017.xml,isolated_dot,༔.ེ,་ཤན་འབྱེད་པ་ལ་མཁས་པར་བྱའོ༔.ེ་ནས་ལུས་རྣལ་.་མ་ཕབ་ན་ལུས་
archive/VE001/UT001_0017.xml,isolated_dot,་.་,མཁས་པར་བྱའོ༔.ེ་ནས་ལུས་རྣལ་.་མ་ཕབ་ན་ལུས་སོར་མི་ཆུད་དོ༔
archive/VE001/UT001_0017.xml,isolated_dot,་.་,ལུས་སོར་མི་ཆུད་དོ༔ ངག་རྣལ་.་མ་ཕབ་ན་ངག་སོར་མི་ཆུད་དོ༔.
archive/VE001/UT001_0017.xml,isolated_dot,༔.ེ,.་མ་ཕབ་ན་ངག་སོར་མི་ཆུད་དོ༔.ེ་ནས་སེམས་རྣལ་.་མ་ཕབ་ན་སེམ
archive/VE001/UT001_0017.xml,isolated_dot,་.་,་མི་ཆུད་དོ༔.ེ་ནས་སེམས་རྣལ་.་མ་ཕབ་ན་སེམས་སོར་མི་ཆུད་དོ
archive/VE001/UT001_0017.xml,isolated_dot,་.་,་སོ༔ སྣང་བ་ཐམས་ཅད་ཆོས་ཉིད་.་འཆར་བར་འདོད་ན༔ མིག་{་གསུམ
archive/VE001/UT001_0017.xml,isolated_dot,་.་,བ་གཟིགས་སྣང་ཐམས་ཅད་རང་སྣང་.་འཆར་བའི་གནད་དོ༔ ཨེ་མ་ཧོ༔ 
archive/VE001/UT001_0017.xml,isolated_dot,་.་,ེ་ལྟར་སུས་བྱེད་པ་ཁམས་གསུམ་.་ལྡོག་རེ་ཀན༔ .བུ་རྒྱ་འགར་བ
archive/VE001/UT001_0017.xml,isolated_dot,་.ར,ཀན༔ .བུ་རྒྱ་འགར་བ་ལམ༔ ཞེས་.ར་ཁྲོད་ཆེན་པོ་མེ་རི་འབར་བར
archive/VE001/UT001_0017.xml,isolated_dot,ག.ང,ེ་བརྒྱལ་ཞིང་ས་ལ་འགྱེལ་ནས་ག.ང་བའི་སྨྲེ་སྔགས་བཏོན་པ༔ ཀྱ
archive/VE001/UT001_0017.xml,isolated_dot,་.ང,ཙམ་གྱིས་ཡུན་གྱི་སྒྲིབ་པ་མ་.ངས་གནས་སུ་དག་གོ༔ མཁའ་འགྲོ་
archive/VE001/UT001_0017.xml,isolated_dot,་.༔,སོ༔ ཨྠིྀ༔ <lb/>རྒྱ་གར་སྐད་.༔ བྷུདྡྷ་དྷེ་ཀ་ར་ཏྲི༔ བོད་
archive/VE001/UT001_0017.xml,isolated_dot,་.༔,ུདྡྷ་དྷེ་ཀ་ར་ཏྲི༔ བོད་སྐད་.༔སངས་རྒྱས་ཀྱི་ཞལ་ཆེམས་གསུམ
archive/VE001/UT001_0017.xml,isolated_dot,་.་,་མ་ཀྱེ་མ་རིགས་ཀྱི་བུ༔ }ོན་.་འགྲོ་བའི་གནད་ལ་མཁས་ན་མཆོག
archive/VE001/UT001_0017.xml,isolated_dot,འ.འ,ར་ལོ་བསྐོར༔ སེམས་ནི་འཕྲོ་འ.འི་འཁོར་ལོ་བསྐོར༔ .ེ་ལྟར་བ
archive/VE001/UT001_0017.xml,isolated_dot,ེ.༔, འཁོར་ལོ་ཞེས་ཀྱི་མིང་ནས་མེ.༔ བར་ཆོད་སེལ་དང་ཞེན་པ་ལོག༔
archive/VE001/UT001_0017.xml,isolated_dot,་.ས,"སུང་,གས་སུ་འདས་པ་ཡིས༔ འདི་.ས་,ོད་པར་བྱས་པ་འོ༔ .ེ་ཡིས་"
archive/VE001/UT001_0017.xml,isolated_dot,་.་,་དང་ངག་དང་སེམས་ཉིད་ལ༔ རྣལ་.་ཕེབས་ལ་མཁས་པར་བྱ༔ .ེས་ནི་
archive/VE001/UT001_0017.xml,isolated_dot,་.་, རིགས་ཀྱི་བུ༔ ལུས་ཀྱི་གནད་.་ཆོས་ཀྱི་{འི་བཞུགས་སྟངས་སེ
archive/VE001/UT001_0017.xml,isolated_dot,་.་,་རྒྱས་ཐམས་ཅད་ཀྱི་{འི་ཀློང་.་མྱ་ངན་ལས་འདའ་བར་འགྱུར་རོ༔
archive/VE001/UT001_0017.xml,isolated_dot,་.་,སངས་རྒྱས་ཀྱི་གསུང་གི་ཀློང་.་མྱ་ངན་ལས་འདའ་བར་འགྱུར་རོ༔
archive/VE001/UT001_0017.xml,isolated_dot,་.་,ནི༔ གཟིགས་སྟངས་རྣམ་པ་གསུམ་.་གྲགས༔ ཆོས་{་ལོངས་{་སྤྲུལ་
archive/VE001/UT001_0017.xml,isolated_dot,་.་,པའི་ལྟ་བ་ནུབ༔ ཉམས་སྣང་གོང་.་འཕེལ་བ་ཡིས༔ བར་དོའི་ཡེ་ཤེ
archive/VE001/UT001_0017.xml,isolated_dot,་.་,་ཡིས༔ བར་དོའི་ཡེ་ཤེས་མངོན་.་བྱས༔ རིག་པ་ཚད་ཕེབས་སྣང་བ་
archive/VE001/UT001_0017.xml,isolated_dot,་.་,ལ་མཐར་ཕྱིན་ན༔ མྱང་འདས་གཞན་.་བཙལ་མི་དགོས༔ ཨྠིྀ༔ <lb/>མ
archive/VE001/UT001_0017.xml,isolated_dot,ི.༔,lb/>མིག་དང་ལུས་དང་རིག་པ་ཉི.༔ འགུལ་བ་མེད་པར་གནད་ཟིན་ན༔
archive/VE001/UT001_0017.xml,isolated_dot,་.ས,ང་༔ སྒྲ་དང་ས་གཡོས་མུ་གེའི་.ས༔ རྡོ་རྗེའི་ལྕེ་ཡིས་འདི་བ
archive/VE001/UT001_0017.xml,isolated_dot,་.་,ྡོ་རྗེའི་ཕྱག་གཡས་པའི་མཐིལ་.་བབས་པ་སངས་རྒྱས་ཀྱི་འདས་རྗ
archive/VE001/UT001_0017.xml,short_head,༔,"<hi rend=""head"">༔</hi>"
archive/VE001/UT001_0017.xml,short_head,ཿ,"<hi rend=""head"">ཿ</hi>"
archive/VE001/UT001_0017.xml,short_head,༔,"<hi rend=""head"">༔</hi>"
archive/VE001/UT001_0018.xml,tsheg_dot_tsheg,་.་,རབ་རྡོ་རྗེའི་ཚིག་གསུམ་གནད་.་བརྡེག་པ་བཞུགས༔ </hi> <lb/
archive/VE001/UT001_0018.xml,tsheg_dot_tsheg,་.་,་</hi>ཀུན་ཀྱང་ཆོས་{འི་ཞིང་.་ཤར༔ ཤར་བ་དེ་ཉིད་རང་གི་<hi
archive/VE001/UT001_0018.xml,tsheg_dot_tsheg,་.་,"གསུམ་<hi rend=""small"">གནད་.་བརྡེག་པའི་</hi>མན་ངག་འདི་"
archive/VE001/UT001_0018.xml,tsheg_dot_tsheg,་.་,"ན་པ་ནི་</hi>སྙིང་གི་དཀྱིལ་.་སྦོས༔ ཨ༔ <hi rend=""small"""
archive/VE001/UT001_0018.xml,tsheg_dot_tsheg,་.་,"<hi rend=""small"">སྐྱེ་མེད་.་ལ་བཟླ་བའོ༔ </hi>ཨྠིྀ༔ རིག"
archive/VE001/UT001_0018.xml,tsheg_dot_tsheg,་.་,"</hi>ཨྠིྀ༔ རིག་པ་,ི་བརྟོལ་.་བསྟན་པའི་མན་ངག་ནི༔ ངོ་རང་"
archive/VE001/UT001_0018.xml,tsheg_dot_tsheg,་.་,"mall"">རིག་པ་ཉིད་རིག་པ་ཉིད་.་རང་ངོ་རྣམ་དག་ཏུ་བསྟན་པ་ཞེ"
archive/VE001/UT001_0018.xml,tsheg_dot_tsheg,་.་,"end=""small"">ཐམས་ཅད་རང་སྣང་.་མ་གྲོལ་བ་གཅིག་ཀྱང་མེ.</hi"
archive/VE001/UT001_0018.xml,tsheg_dot_tsheg,་.་,"པ་<hi rend=""small"">རང་ཐོག་.་རང་གྲོལ་བའི་མན་ངག་གཅིག་རོ"
archive/VE001/UT001_0018.xml,tsheg_dot_tsheg,་.་,"་མི་སྐད་མི་མ,ན་པའི་ཡུལ་གང་.་ཕྲད་ཀྱང་རང་.་ཤེས་པ་ལྟར་ཞེ"
archive/VE001/UT001_0018.xml,tsheg_dot_tsheg,་.་,ན་པའི་ཡུལ་གང་.་ཕྲད་ཀྱང་རང་.་ཤེས་པ་ལྟར་ཞེ་སྡང་.་ཤེས་པས
archive/VE001/UT001_0018.xml,tsheg_dot_tsheg,་.་,ཀྱང་རང་.་ཤེས་པ་ལྟར་ཞེ་སྡང་.་ཤེས་པས་གྲོལ-</hi>པའོ༔ མ་ཐ
archive/VE001/UT001_0018.xml,tsheg_dot_tsheg,་.་,"=""small"">ཕྲད་པའོ-རང་ངོ་རང་.་ཕྲད་པ་ངོ་བོ་བརྗོད་ལས་འདས་"
archive/VE001/UT001_0018.xml,tsheg_dot_tsheg,་.་,"all"">ནི་རང་སྣང་ཡིན་པས་གཞན་.་མི་རྙེད་པའི་ཡེ་ཤེས་ཏེ་ཡེ་"
archive/VE001/UT001_0018.xml,tsheg_dot_tsheg,་.་,"nd=""small"">རིག་པ་མངོན་སུམ་.་སྣང་བ་ལ་གཞན་མ་གྲུབ་པས་གླི"
archive/VE001/UT001_0018.xml,tsheg_dot_tsheg,་.་,"rend=""small"">རང་གི་རང་སྣང་.་ཤེས་པ་དཔེ་མེ་ལོང་ནང་.་བཞི"
archive/VE001/UT001_0018.xml,tsheg_dot_tsheg,་.་,སྣང་.་ཤེས་པ་དཔེ་མེ་ལོང་ནང་.་བཞིན་མཐོང་བ་ལྟ་བུའ-</hi>པ
archive/VE001/UT001_0018.xml,tsheg_dot_tsheg,་.་,</hi>བརྒྱལ་བ་སློང་བའི་དོན་.་གསང་བའི་ཞལ་ཆེམས་<hi rend=
archive/VE001/UT001_0018.xml,tsheg_dot_tsheg,་.་,ྲོལ་བའི་</hi>ཚིག་གསུམ་གནད་.་བརྡེག་པ༔ ཕྱག་གཡས་པའི་མཐིལ
archive/VE001/UT001_0018.xml,tsheg_dot_tsheg,་.་,བརྡེག་པ༔ ཕྱག་གཡས་པའི་མཐིལ་.་བཻཌཱུརྱ་མཐིང་ཁ་ཞུན་མས་རང་
archive/VE001/UT001_0018.xml,tsheg_dot_tsheg,་.་,ཟ་མ་ཏོག་སེན་གང་པ་ཅིག་སྣོད་.་བབས་པས༔འཇམ་དཔལ་བཤེས་གཉེན་
archive/VE001/UT001_0018.xml,tsheg_dot_tsheg,་.་,"བ་</hi>,གས་ཀྱི་དཀྱིལ་འཁོར་.་སྦ་བར་བྱའོ༔ འཆི་ཁ་མའི་ཞལ་"
archive/VE001/UT001_0018.xml,tsheg_dot_tsheg,་.་, .ར་ཁྲོད་ཆེན་པོ་བསིལ་བ་ཚལ་.་བབས་པ༔ ཆུ་བོ་དན་ཏིག་མགོར་
archive/VE001/UT001_0018.xml,tsheg_dot_tsheg,་.་,་པའི་ལམ༔ སངས་རྒྱས་ཀྱི་ཞིང་.་སྐད་ཅིག་ལ་གྲོལ་བར་བྱེད་པའ
archive/VE001/UT001_0018.xml,tsheg_dot_tsheg,་.་,ར་ཤེས་པས་</hi>ཆོས་{འི་ཞིང་.་འཆར༔ ཤར་བ་དེ་ཉིད་<hi rend
archive/VE001/UT001_0018.xml,tsheg_dot_tsheg,་.་,"i rend=""small"">རང་སྣང་ཉིད་.་གྲོལ་</hi>རང་གི་ཐོག་དེར་ག"
archive/VE001/UT001_0018.xml,tsheg_dot_tsheg,་.་,"ག་ཏུ་བསྟན་པ་རིག་པ་,ི་གཏོར་.་བསྟན་པ་འི་གདམས་ངག་ནི། </h"
archive/VE001/UT001_0018.xml,tsheg_dot_tsheg,་.་,"ངག་ནི། </hi>སྙིང་གི་དཀྱིལ་.་<hi rend=""small"">ཤིན་ཏུ་ད"
archive/VE001/UT001_0018.xml,tsheg_dot_tsheg,་.་,""">ནམ་མཁའ་ལ་རིག་པ་མངོན་སུམ་.་སྣང་ཇི་ལྟར་སྣང་ན་ལུ་གུ་རྒ"
archive/VE001/UT001_0018.xml,tsheg_dot_tsheg,་.་,་ཇི་ལྟར་སྣང་ན་ལུ་གུ་རྒྱུད་.་སྣང་བའོ་</hi>དང་༔ གསལ་བ་ད
archive/VE001/UT001_0018.xml,tsheg_dot_tsheg,་.་,་མཁའ་ལ་ཧར་པོར་ལྟ་གཡས་གཡོན་.་མི་ལྟའོ་</hi>དང་༔ འདབ་ཆགས
archive/VE001/UT001_0018.xml,tsheg_dot_tsheg,་.་,་གྱིས་མནན་ཏེ་ད0ང་པའི་སྟེང་.་ལྐོག་མ་བཞག་ལ་ལྟ-</hi>དང་༔
archive/VE001/UT001_0018.xml,tsheg_dot_tsheg,་.་,"ll"">.ེ་ཡང་དབེན་པར་གན་རྐྱལ་.་ཉལ་ཏེ་ཡན་ལག་བཞི་ཀ་ཐར་རྩེ་"
archive/VE001/UT001_0018.xml,tsheg_dot_tsheg,་.་,་ཐར་རྩེ་བརྒྱངས་ལ་མིག་སྟེང་.་ལྟའོ༔ </hi>བར་སྣང་.་ཡིད་བ
archive/VE001/UT001_0018.xml,tsheg_dot_tsheg,་.་,་སྟེང་.་ལྟའོ༔ </hi>བར་སྣང་.་ཡིད་བཟུང་བ་དང་༔ རྒྱ་མ.ད་ཀ
archive/VE001/UT001_0018.xml,tsheg_dot_tsheg,་.་,"ོ༔ ཁ་སྣའི་དབུགས་ཡིད་ཙམ་ནང་.་འཐེན་<hi rend=""small"">.བུ"
archive/VE001/UT001_0018.xml,tsheg_dot_tsheg,་.་,སྣང་བ་ཐམས་ཅད་རིམ་གྱིས་འོད་.་འཆར་རོ༔ .ེ་ཉིད་རིག་པ་ཡིན་
archive/VE001/UT001_0018.xml,tsheg_dot_tsheg,་.་,་ཀྱི་དབྱིངས་དེ་ཉིད་ཀྱི་ནང་.་རང་གི་རིག་པའི་ངོ་བོ་དེ་འོ
archive/VE001/UT001_0018.xml,tsheg_dot_tsheg,་.་,"rend=""small"">འ.ག་སྟངས་གོང་.་བསྟན་པ་ལས་མ་ཞིག་པར་གནས་པའ"
archive/VE001/UT001_0018.xml,tsheg_dot_tsheg,་.་,"<hi rend=""small"">གཡས་གཡོན་.་མི་འཁྲུལལ་བར་ལུ་གུ་རྒྱུད་"
archive/VE001/UT001_0018.xml,tsheg_dot_tsheg,་.་,་དེ་ཡང་བརྟགས་ན་དངོས་པོ་གང་.་འང་མ་གྲུབ་པར་འ.ག་པས་ཆོས་{
archive/VE001/UT001_0018.xml,tsheg_dot_tsheg,་.་,ི་ཆ་ལས་འོ.་ལྔ་རིག་པའི་ཡུལ་.་ཤར་བས་ངམ་གྲོག་དང་གཡང་ས་འག
archive/VE001/UT001_0018.xml,tsheg_dot_tsheg,་.་,གགས་ཏེ་སྣང་སྲིད་གཞལ་ཡས་ཁང་.་ཤར་བས་ལྷའི་དཀྱིལ་འཁོར་སྒོ
archive/VE001/UT001_0018.xml,tsheg_dot_tsheg,་.་,ོ་བོ་ལུ་གུ་རྒྱུད་ཅེར་མཐོང་.་མཐོང་བས་རྐྱེན་གཞན་ལ་རག་མ་
archive/VE001/UT001_0018.xml,tsheg_dot_tsheg,་.་,་.༔ ཤྲཱི་སིང་ཧའི་ཕྱག་མཐིལ་.་རིན་པོ་ཆེའི་ཟ་མ་ཏོག་གི་ནང
archive/VE001/UT001_0018.xml,tsheg_dot_tsheg,་.་,རིན་པོ་ཆེའི་ཟ་མ་ཏོག་གི་ནང་.་བཻཌཱུརྱ་མཐིང་ཁ་ཞུན་མས་རང་
archive/VE001/UT001_0018.xml,tsheg_dot_tsheg,་.་,ཌཱུརྱ་མཐིང་ཁ་ཞུན་མས་རང་ནན་.་བྲིས་པ་གཅིག་.ར་ཁྲོད་ཆེན་པ
archive/VE001/UT001_0018.xml,tsheg_dot_tsheg,་.་,ད་ཆེན་པོ་སོ་ས་གླིང་དེ་ཉིད་.་བབས་སོ༔ .ེ་ཉིད་བབས་པ་ཙམ་ག
archive/VE001/UT001_0018.xml,tsheg_dot_tsheg,་.་,ིས་སྐྱེ་མེད་སྟོང་པའི་ཀློང་.་མྱ་ངན་ལས་འདའ་བར་བྱེད་པའི་
archive/VE001/UT001_0018.xml,tsheg_dot_tsheg,་.་,བ་པ་དེ་ལ་གལ་མདོའི་གཅན་ཕྲང་.་གཟེར་གདབ་པ་ན-</hi>རིག་པའི
archive/VE001/UT001_0018.xml,tsheg_dot_tsheg,་.་,་ནས་ཐ་མ་སྣོད་བཅུད་རང་གྲོལ་.་ཤེས་པའོ༔ བ.ན་ནི་འཁོར་འདས་
archive/VE001/UT001_0018.xml,tsheg_dot_tsheg,་.་,"གྱིས་ཡུལ་སེམས་གཉིས་ཀྱི་བར་.་<hi rend=""small"">སྒྲོན་མ་"
archive/VE001/UT001_0018.xml,tsheg_dot_tsheg,་.་,ྐྱོན་དང་བྲལ་བས་མིག་གི་ཡུལ་.་འོད་དང་ཐིག་ལེ་.་མ་འཆར་རོ༔
archive/VE001/UT001_0018.xml,tsheg_dot_tsheg,་.་,ིག་གི་ཡུལ་.་འོད་དང་ཐིག་ལེ་.་མ་འཆར་རོ༔མི་འདོད་ཀྱང་{་སྣ
archive/VE001/UT001_0018.xml,tsheg_dot_tsheg,་.་,"གཟེར་བློ་དངོས་གཉིས་ཀྱི་བར་.་<hi rend=""small"">རིག་པའི་"
archive/VE001/UT001_0018.xml,tsheg_dot_tsheg,་.་,"ས་གཟེར་རྟག་ཆད་གཉིས་ཀྱི་བར་.་<hi rend=""small"">རང་བྱུང་"
archive/VE001/UT001_0018.xml,tsheg_dot_tsheg,་.་,"མས་འཆར་ཏེ་བཟང་ངན་གཉིས་མེད་.་བྱན་ཚུད་པའོ་ </hi>,ོབ་ཅིག"
archive/VE001/UT001_0018.xml,tsheg_dot_tsheg,་.་,"small"">་འཁོར་འདས་གཉིས་མེད་.་འདྲེས་པས་རྐྱེན་གཞན་ལ་རག་མ"
archive/VE001/UT001_0018.xml,tsheg_dot_tsheg,་.་,i>ལྟ་བུའོ༔ སྣང་བ་ཅེར་གྲོལ་.་ཤེས་དྲན་བསམ་ལ་བྱན་ཚུད་པ་ན
archive/VE001/UT001_0018.xml,tsheg_dot_tsheg,་.་,ན་གྱིས་རྐྱེན་ཉིད་སྐྱེ་མེད་.་གྲོལ་པར་ཐག་ཆོད་འགྱུ་བྱེད་
archive/VE001/UT001_0018.xml,tsheg_dot_tsheg,་.་,"ཡེ་དག་གི་དགོངས་པ་བཞི་མངོན་.་ཤེས་པ་ནི་<hi rend=""small"""
archive/VE001/UT001_0018.xml,tsheg_dot_tsheg,་.་,ས་བྲལ་གྱི་ཡེ་ཤེས་རང་རྐྱེན་.་ཤར་བས་ཡིན་མིན་གྱི་རྩིས་ལས
archive/VE001/UT001_0018.xml,tsheg_dot_tsheg,་.་,ོགས་མེད་ཀྱི་ཤེས་པ་ཡུལ་མེད་.་ཤར་བར་ཐག་ཆོད་དྲན་རྟོག་གི་
archive/VE001/UT001_0018.xml,tsheg_dot_tsheg,་.་,་ཞེས་པ་ལྟར་དངོས་པོ་རང་ཐོག་.་གྲོལ་བ་ཟང་ཐལ་ལོ་</hi>ཕྲད་
archive/VE001/UT001_0018.xml,tsheg_dot_tsheg,་.་,"ཏབ་པས་ཡུལ་རྐྱེན་མཉམ་པ་ཉིད་.་ཤེས་པ་ནི་<hi rend=""small"""
archive/VE001/UT001_0018.xml,tsheg_dot_tsheg,་.་,"small"">བྱིང་རྒོད་གཉིས་མེད་.་འདྲེས་པས་སྣང་སྲིད་འདི་དག་"
archive/VE001/UT001_0018.xml,tsheg_dot_tsheg,་.་,ཀྱི་ལོངས་ལ་.ར་ཁྲོད་བྷ་སིང་.་སོང་བྱ་བ་བྱུང་ངོ་</hi>.ེ་
archive/VE001/UT001_0018.xml,tsheg_dot_tsheg,་.་,ོ་བརྒྱལ་བ་ལས་བསླང་བའི་དོན་.་རིན་པོ་ཆེའི་ཟ་མ་ཏོག་སེན་ག
archive/VE001/UT001_0018.xml,tsheg_dot_tsheg,་.་,ོག་སེན་གང་པ་གཅིག་ཕྱག་མཐིལ་.་བབས་སོ༔ .ེ་ཉིད་བབས་པ་ཙམ་ག
archive/VE001/UT001_0018.xml,tsheg_dot_tsheg,་.་,"l"">,ིག་ལེ་</hi>ཉག་གཅིག་ངང་.་གཞག་པར་བྱའོ༔ <hi rend=""sm"
archive/VE001/UT001_0018.xml,tsheg_dot_tsheg,་.་,དགོངས་པ་</hi>དང་མཉམ་པ་ཉིད་.་གྲགས༔ གང་ཞིག་བཟུང་བས་མ་ཟི
archive/VE001/UT001_0018.xml,tsheg_dot_tsheg,་.་,"རང་གྲོལ་བ་གཟུ་བོའི་བློ་ཅན་.་ལྷ་ཁང་.་ཕྱིན་པ་<hi rend="""
archive/VE001/UT001_0018.xml,tsheg_dot_tsheg,་.་,"བ་གཟུ་བོའི་བློ་ཅན་.་ལྷ་ཁང་.་ཕྱིན་པ་<hi rend=""small"">ས"
archive/VE001/UT001_0018.xml,tsheg_dot_tsheg,་.་,"all"">སྣང་བ</hi>སྣ་ཚོགས་ལམ་.་ཁྱེར་བའི་རྐང་༔ དྲན་པ་<hi "
archive/VE001/UT001_0018.xml,tsheg_dot_tsheg,་.་,"hi rend=""small"">.ེ་ཉིད་ངང་.་</hi>དག་པའི་ཁྲུས་སོ༔ སྣང་"
archive/VE001/UT001_0018.xml,tsheg_dot_tsheg,་.་,་མི་ཏྲའི་ཕྱག་གཡས་པའི་མཐིལ་.་རིན་པོ་ཆེའི་ཟ་མ་ཏོག་སེན་ག
archive/VE001/UT001_0018.xml,tsheg_dot_tsheg,་.་,་པས་བཻཌཱུརྱ་མཐིང་ཀས་རང་ནང་.་རིན་པོ་ཆེ་ལྔའི་ཤོག་བུ་ལ་བ
archive/VE001/UT001_0018.xml,tsheg_dot_tsheg,་.་,ཏོ༔ .ར་ཁྲོད་ཆེན་པོ་བྷ་སེང་.་སྣང་བར་བྱས་པ༔ ཡེ་ཤེས་མདོའ
archive/VE001/UT001_0018.xml,comma_o,",ོ","mall"">རིག་པ་ཉིད་ཀྱི་</hi>,ོག་ཏུ་གྲོལ༔ .ེ་དོན་བདེ་གཤེ"
archive/VE001/UT001_0018.xml,comma_o,",ོ","་ངོ་ཟིན་པ་</hi>བཟུང་བའོ༔ ,ོག་མ་ཀ་དག་བབས་ཀྱི་<hi rend"
archive/VE001/UT001_0018.xml,comma_o,",ོ","གཉིས་བསྲེ་བའི་གདམས་ངག་གི་,ོད་པ་ལ་དོར་བ་བསྟན་</hi>གསལ"
archive/VE001/UT001_0018.xml,comma_o,",ོ","་བྱན་ཚུད་པ་ཞེས་བྱའོ་</hi>,ོབ་ཅིག༔ <hi rend=""small"">བ"
archive/VE001/UT001_0018.xml,comma_o,",ོ","ང་ཉིད་ལ་བྱན་ཚུད་པའོ་</hi>,ོབ་ཅིག༔ <hi rend=""small"">ཡ"
archive/VE001/UT001_0018.xml,comma_o,",ོ","་མེད་.་བྱན་ཚུད་པའོ་ </hi>,ོབ་ཅིག༔ <hi rend=""small"">ཆ"
archive/VE001/UT001_0018.xml,comma_o,",ོ","ྲོལ་བྲལ་བྱན་ཚུད་པའོ་</hi>,ོབ་ཅིག༔ <hi rend=""small"">བ"
archive/VE001/UT001_0018.xml,comma_o,",ོ","་པ་</hi>གོམས་པར་གྱིས་ཤིག,,ོད་པ་ཐམས་ཅད་ལ་རྩལ་.ོང་བར་འ"
archive/VE001/UT001_0018.xml,comma_o,",ོ","ག་གྲོལ་བའོ༔ ཨྠིྀ༔ ༔སྣང་བ་,ོད་ཅིང་བསྒྱུར་ནུས་པ་ཆང་དང་"
archive/VE001/UT001_0018.xml,comma_o,",ོ","ོག་</hi>ལྟ་བུའོ༔ ལྟ་སྒོམ་,ོད་པའི་སྲོོག་ཤིང་ཡིན༔ རེངས"
archive/VE001/UT001_0018.xml,comma_o,",ོ","ོན་མེ་དང་འདྲ་བ་རྫོགས་སོ༔ ,ོད་པ་རང་བཞག༔ སྒོམ་པ་རང་བཞག"
archive/VE001/UT001_0018.xml,comma_tibetan,",ོ","mall"">རིག་པ་ཉིད་ཀྱི་</hi>,ོག་ཏུ་གྲོལ༔ .ེ་དོན་བདེ་གཤེ"
archive/VE001/UT001_0018.xml,comma_tibetan,",ག","ཀུན་གྱི་<hi rend=""small"">,གས་གཉིས་སུ་མེད་པའི་ཡེ་ཤེས་"
archive/VE001/UT001_0018.xml,comma_tibetan,",ི","ཟླ་བའོ༔ </hi>ཨྠིྀ༔ རིག་པ་,ི་བརྟོལ་.་བསྟན་པའི་མན་ངག་ན"
archive/VE001/UT001_0018.xml,comma_tibetan,",ན","rend=""small"">.ེས་ན་རིགས་མ,ན་གྱིས་རིགས་མ,ན་གྲོལ་ཏེ་གཉ"
archive/VE001/UT001_0018.xml,comma_tibetan,",ན","ེས་ན་རིགས་མ,ན་གྱིས་རིགས་མ,ན་གྲོལ་ཏེ་གཉེན་པོ་གཞན་མེད་"
archive/VE001/UT001_0018.xml,comma_tibetan,",ན","l"">པ་ནི་དཔེར་ན་སྐད་རིགས་མ,ན་པའི་མི་སྐད་མི་མ,ན་པའི་ཡུ"
archive/VE001/UT001_0018.xml,comma_tibetan,",ན","་རིགས་མ,ན་པའི་མི་སྐད་མི་མ,ན་པའི་ཡུལ་གང་.་ཕྲད་ཀྱང་རང་"
archive/VE001/UT001_0018.xml,comma_tibetan,",ན","ས་པའི་ཡེ་ཤེས་དཔེར་ན་ཡིད་མ,ན་པའི་ཕོ་མོ་དབེན་པར་ཕྲད་པ་"
archive/VE001/UT001_0018.xml,comma_tibetan,",ི","ཉིད་ཀྱིས་གྲོལ་བའི་ཡེ་ཤེས་,ི་མ.ད་གཅིག་བཅད་པས་དོ་ཐག་བར"
archive/VE001/UT001_0018.xml,comma_tibetan,",ག","""small"">གཞན་ལ་གསང་བ་</hi>,གས་ཀྱི་དཀྱིལ་འཁོར་.་སྦ་བར་"
archive/VE001/UT001_0018.xml,comma_tibetan,",ག","all"">སངས་རྒྱས་ཐམས་ཅད་ཀྱི་,གས་གཉིས་སུ་མེད་པའི་ཡེ་ཤེས་"
archive/VE001/UT001_0018.xml,comma_tibetan,",ི","ས་རྣམ་དག་ཏུ་བསྟན་པ་རིག་པ་,ི་གཏོར་.་བསྟན་པ་འི་གདམས་ངག"
archive/VE001/UT001_0018.xml,comma_tibetan,",ོ","་ངོ་ཟིན་པ་</hi>བཟུང་བའོ༔ ,ོག་མ་ཀ་དག་བབས་ཀྱི་<hi rend"
archive/VE001/UT001_0018.xml,comma_tibetan,",ི","""small"">འཁྲུལ་མ་མྱོང་བའི་,ི་གཞི་</hi>ཡུལ་དང་༔ འཁྲུལ་"
archive/VE001/UT001_0018.xml,comma_tibetan,",ི","་ཡིད་ཙམ་གྱེན་ལ་ལྟའོ་</hi>,ི་རྒྱ་རླབས་ཀྱིས་གཅོད་པ་དང་"
archive/VE001/UT001_0018.xml,comma_tibetan,",ི","ྒྲིབ་གཡོགས་དང་བྲལ་བ་དང་༔ ,ིག་ལེ་སྤྲོ་བསྡུ་དང་བྲལ་བ་<"
archive/VE001/UT001_0018.xml,comma_tibetan,",ག","mall"">བུདྡྷའི་དགོངས་པ་ནི་,གས་ལས་འདས་པ་མ་རིག་པའི་མིག་"
archive/VE001/UT001_0018.xml,comma_tibetan,",ོ","གཉིས་བསྲེ་བའི་གདམས་ངག་གི་,ོད་པ་ལ་དོར་བ་བསྟན་</hi>གསལ"
archive/VE001/UT001_0018.xml,comma_tibetan,",ོ","་བྱན་ཚུད་པ་ཞེས་བྱའོ་</hi>,ོབ་ཅིག༔ <hi rend=""small"">བ"
archive/VE001/UT001_0018.xml,comma_tibetan,",ོ","ང་ཉིད་ལ་བྱན་ཚུད་པའོ་</hi>,ོབ་ཅིག༔ <hi rend=""small"">ཡ"
archive/VE001/UT001_0018.xml,comma_tibetan,",ོ","་མེད་.་བྱན་ཚུད་པའོ་ </hi>,ོབ་ཅིག༔ <hi rend=""small"">ཆ"
archive/VE001/UT001_0018.xml,comma_tibetan,",ོ","ྲོལ་བྲལ་བྱན་ཚུད་པའོ་</hi>,ོབ་ཅིག༔ <hi rend=""small"">བ"
archive/VE001/UT001_0018.xml,comma_tibetan,",ན","་རྟགས་རྙེད་པའོ་</hi>ཡིད་མ,ན་པའི་ཕོ་མོ་ཕྲད་པ་<hi rend"
archive/VE001/UT001_0018.xml,comma_tibetan,",ག","all"">ི་སངས་རྒྱས་ཀྱི་</hi>,གས་ཀྱི་དགོངས་ཤར་བ༔ བློ་ཡི་"
archive/VE001/UT001_0018.xml,comma_tibetan,",ི","མཐའ་བྲལ་<hi rend=""small"">,ིག་ལེ་</hi>ཉག་གཅིག་ངང་.་གཞ"
archive/VE001/UT001_0018.xml,comma_tibetan,",ོ","་པ་</hi>གོམས་པར་གྱིས་ཤིག,,ོད་པ་ཐམས་ཅད་ལ་རྩལ་.ོང་བར་འ"
archive/VE001/UT001_0018.xml,comma_tibetan,",ོ","ག་གྲོལ་བའོ༔ ཨྠིྀ༔ ༔སྣང་བ་,ོད་ཅིང་བསྒྱུར་ནུས་པ་ཆང་དང་"
archive/VE001/UT001_0018.xml,comma_tibetan,",ོ","ོག་</hi>ལྟ་བུའོ༔ ལྟ་སྒོམ་,ོད་པའི་སྲོོག་ཤིང་ཡིན༔ རེངས"
archive/VE001/UT001_0018.xml,comma_tibetan,",ར","""small"">་སེམས་</hi>རྒོད་འ,ར་སྲབ་འཇུག་པའི་མན་ངག༔ རྣོ་"
archive/VE001/UT001_0018.xml,comma_tibetan,",ག",""">འཁྲུལ་སྣང་རང་གྲོལ་</hi>,གས་ཕྲད་ཀྱི་ལམ༔ རིག་པ་<hi r"
archive/VE001/UT001_0018.xml,comma_tibetan,",ག","i rend=""small"">སེམས་</hi>,ག་ཕྲད་ཀྱི་གཞི༔ མཐོང་བ་<hi "
archive/VE001/UT001_0018.xml,comma_tibetan,",ག"," rend=""small"">རིག་པ་</hi>,ག་ཕྲད་ཀྱི་ཡུལ༔ གྲོལ་བ<hi r"
archive/VE001/UT001_0018.xml,comma_tibetan,",ག","mall"">་ཆོས་ལས་འདས་པ་</hi>,གས་ཕྲད་ཀྱི་འབྲས་བུའོ༔ ཛྙཱ་"
archive/VE001/UT001_0018.xml,comma_tibetan,",ོ","ོན་མེ་དང་འདྲ་བ་རྫོགས་སོ༔ ,ོད་པ་རང་བཞག༔ སྒོམ་པ་རང་བཞག"
archive/VE001/UT001_0018.xml,curly_brace,{,པའི་ཆོས་</hi>ཀུན་ཀྱང་ཆོས་{འི་ཞིང་.་ཤར༔ ཤར་བ་དེ་ཉིད་
archive/VE001/UT001_0018.xml,curly_brace,{,ང་ཡིན་པར་ཤེས་པས་</hi>ཆོས་{འི་ཞིང་.་འཆར༔ ཤར་བ་དེ་ཉིད
archive/VE001/UT001_0018.xml,curly_brace,{,""">.ེ་ཡང་འོད་དང་ཐིག་ལེ་དང་{འི་སྣང་བ་.ས་འདི་ཉིད་ལ་འཆར"
archive/VE001/UT001_0018.xml,curly_brace,{,རང་གི་རིག་པའི་ཡེ་ཤེས་འོད་{འི་རྣམ་པར་སྣང་ཞིང་བེམས་པོ
archive/VE001/UT001_0018.xml,curly_brace,{,ྲིད་ཐམས་ཅད་འོད་དང་ཐིག་ལེ་{ར་འགྱུར་ར-</hi>དང་༔ འོད་ས
archive/VE001/UT001_0018.xml,curly_brace,{,ས་དེ་ལ་མིག་གཏད་པས་ཐམས་ཅད་{འི་སྣང་བར་འཆར་རོ༔ .ེ་ནི་ར
archive/VE001/UT001_0018.xml,curly_brace,{,-མི་འགུལ་བས་རྟོག་མེད་ཆོས་{་ཟང་ཐལ་ལ-</hi>བས༔ སྣང་སྲི
archive/VE001/UT001_0018.xml,curly_brace,{,་ལ-</hi>བས༔ སྣང་སྲིད་ཆོས་{ར་གྲོལ་བ་དང་༔ .ེ་ཉིད་མ་འག
archive/VE001/UT001_0018.xml,curly_brace,{,ྱུད་ཆད་པ་དང་༔ .ེ་ལྟར་ཆོས་{་འགུལ་བ་མེད་པས༔ <hi rend=
archive/VE001/UT001_0018.xml,curly_brace,{," rend=""small"">.ེ་ཉིད་ཆོས་{་ཡིན་པས་གཞན་ནས་ཚོལ་བ་ཚི་ཆ"
archive/VE001/UT001_0018.xml,curly_brace,{,"་མེད་པས་<hi rend=""small"">{་དང་ཐིག་ལེའི་སྣང་བ་དེ་ཡང་"
archive/VE001/UT001_0018.xml,curly_brace,{,་འང་མ་གྲུབ་པར་འ.ག་པས་ཆོས་{་ཡིན་པས་དངོས་པོར་གྲུབ་པ་མ
archive/VE001/UT001_0018.xml,curly_brace,{,ཁྱིམ་དང་རིག་པ་དང་རིག་པའི་{་དང་ཐིག་ལེ་དང་ཕྱེད་{་ལ་སོ
archive/VE001/UT001_0018.xml,curly_brace,{,་པའི་{་དང་ཐིག་ལེ་དང་ཕྱེད་{་ལ་སོགས་ཤར་བས་ཐམས་ཅད་རིག་
archive/VE001/UT001_0018.xml,curly_brace,{,ེ་.་མ་འཆར་རོ༔མི་འདོད་ཀྱང་{་སྣ་ཚོགས་པ་ཡང་འཆར་རོ༔ .ེ་
archive/VE001/UT001_0018.xml,curly_brace,{,བུ་ལ་དོར་བ་བསྟན་</hi>ཆོས་{་ཡེ་རྫོགས་ཀྱི་གཟེར་སྣང་སྟ
archive/VE001/UT001_0018.xml,curly_brace,{,་ཐལ་ལོ་</hi>ལྟ་བུའོ༔ ཆོས་{་འབད་རྩོལ་མེད་པར་ཡེནས་རང་
archive/VE001/UT001_0018.xml,curly_brace,{,"ོལ་ཞིག༔ <hi rend=""small"">{་གསུམ་གཞི་བཞག་</hi>འབྲས་བ"
archive/VE001/UT001_0018.xml,curly_brace,{,་རྩེ་མོར་ཕྱིན་པ་ལྟ་བུའོ༔ {་གསུམ་ཕྱིར་མི་ལྡོག་པ་རང་ས
archive/VE001/UT001_0018.xml,isolated_dot,་.་,རབ་རྡོ་རྗེའི་ཚིག་གསུམ་གནད་.་བརྡེག་པ་བཞུགས༔ </hi> <lb/
archive/VE001/UT001_0018.xml,isolated_dot,་.་,་</hi>ཀུན་ཀྱང་ཆོས་{འི་ཞིང་.་ཤར༔ ཤར་བ་དེ་ཉིད་རང་གི་<hi
archive/VE001/UT001_0018.xml,isolated_dot,འ.ས,"mall"">པ་ཐམས་ཅད་འདིར་</hi>འ.ས་པ༔ <hi rend=""small"">འཇམ་"
archive/VE001/UT001_0018.xml,isolated_dot,་.་,"གསུམ་<hi rend=""small"">གནད་.་བརྡེག་པའི་</hi>མན་ངག་འདི་"
archive/VE001/UT001_0018.xml,isolated_dot,་.་,"ན་པ་ནི་</hi>སྙིང་གི་དཀྱིལ་.་སྦོས༔ ཨ༔ <hi rend=""small"""
archive/VE001/UT001_0018.xml,isolated_dot,་.་,"<hi rend=""small"">སྐྱེ་མེད་.་ལ་བཟླ་བའོ༔ </hi>ཨྠིྀ༔ རིག"
archive/VE001/UT001_0018.xml,isolated_dot,་.་,"</hi>ཨྠིྀ༔ རིག་པ་,ི་བརྟོལ་.་བསྟན་པའི་མན་ངག་ནི༔ ངོ་རང་"
archive/VE001/UT001_0018.xml,isolated_dot,་.་,"mall"">རིག་པ་ཉིད་རིག་པ་ཉིད་.་རང་ངོ་རྣམ་དག་ཏུ་བསྟན་པ་ཞེ"
archive/VE001/UT001_0018.xml,isolated_dot,་.་,"end=""small"">ཐམས་ཅད་རང་སྣང་.་མ་གྲོལ་བ་གཅིག་ཀྱང་མེ.</hi"
archive/VE001/UT001_0018.xml,isolated_dot,་.་,"པ་<hi rend=""small"">རང་ཐོག་.་རང་གྲོལ་བའི་མན་ངག་གཅིག་རོ"
archive/VE001/UT001_0018.xml,isolated_dot,་.་,"་མི་སྐད་མི་མ,ན་པའི་ཡུལ་གང་.་ཕྲད་ཀྱང་རང་.་ཤེས་པ་ལྟར་ཞེ"
archive/VE001/UT001_0018.xml,isolated_dot,་.་,ན་པའི་ཡུལ་གང་.་ཕྲད་ཀྱང་རང་.་ཤེས་པ་ལྟར་ཞེ་སྡང་.་ཤེས་པས
archive/VE001/UT001_0018.xml,isolated_dot,་.་,ཀྱང་རང་.་ཤེས་པ་ལྟར་ཞེ་སྡང་.་ཤེས་པས་གྲོལ-</hi>པའོ༔ མ་ཐ
archive/VE001/UT001_0018.xml,isolated_dot,་.་,"=""small"">ཕྲད་པའོ-རང་ངོ་རང་.་ཕྲད་པ་ངོ་བོ་བརྗོད་ལས་འདས་"
archive/VE001/UT001_0018.xml,isolated_dot,མ.ད,ནམ་མཁའ་ཐིམ་པའམ་སྦྲུལ་གྱི་མ.ད་གསུམ་.ས་གཅིག་ལ་གྲོལ་བ་ལྟ
archive/VE001/UT001_0018.xml,isolated_dot,་.ས,ིམ་པའམ་སྦྲུལ་གྱི་མ.ད་གསུམ་.ས་གཅིག་ལ་གྲོལ་བ་ལྟ་བུའོ</h
archive/VE001/UT001_0018.xml,isolated_dot,་.ས,ེ་ལྟར་ན་རང་གི་ངོ་བོ་ཤེས་ན་.ས་གཅིག་ལ་ཐམས་ཅད་འ.ས་ཤིང་ངོ
archive/VE001/UT001_0018.xml,isolated_dot,འ.ས,ོ་ཤེས་ན་.ས་གཅིག་ལ་ཐམས་ཅད་འ.ས་ཤིང་ངོ་བོ་གཅིག་ལས་མ་འདས་
archive/VE001/UT001_0018.xml,isolated_dot,མ.ད,"་ཀྱིས་གྲོལ་བའི་ཡེ་ཤེས་,ི་མ.ད་གཅིག་བཅད་པས་དོ་ཐག་བརྒྱ་ཆ"
archive/VE001/UT001_0018.xml,isolated_dot,་.་,"all"">ནི་རང་སྣང་ཡིན་པས་གཞན་.་མི་རྙེད་པའི་ཡེ་ཤེས་ཏེ་ཡེ་"
archive/VE001/UT001_0018.xml,isolated_dot,་.འ,་པའི་ཡེ་ཤེས་ཏེ་ཡེ་ཤེས་ཉིད་.འོ༔ .0ེར་ན་ལམ་བརྒྱ་སྟོང་གི
archive/VE001/UT001_0018.xml,isolated_dot,ོ.༔,ལས་མ་འདས་པ་ལྟ་བུའོ་</hi>ཆོ.༔ གཅིག་ཐོག་ཏུ་རང་སྣང་གི་ཐག
archive/VE001/UT001_0018.xml,isolated_dot,ོ.༔,ཅིག་ཐོག་ཏུ་རང་སྣང་གི་ཐག་ཆོ.༔ གྲོལ་ཐོག་ཏུ་ཐེ་ཚོམ་གྱི་ཐ
archive/VE001/UT001_0018.xml,isolated_dot,་.་,"nd=""small"">རིག་པ་མངོན་སུམ་.་སྣང་བ་ལ་གཞན་མ་གྲུབ་པས་གླི"
archive/VE001/UT001_0018.xml,isolated_dot,་.ོ,"d=""head"">ོ༔</hi>མ་བུ་གཉིས་.ོར་<hi rend=""small"">རང་གི་"
archive/VE001/UT001_0018.xml,isolated_dot,་.་,"rend=""small"">རང་གི་རང་སྣང་.་ཤེས་པ་དཔེ་མེ་ལོང་ནང་.་བཞི"
archive/VE001/UT001_0018.xml,isolated_dot,་.་,སྣང་.་ཤེས་པ་དཔེ་མེ་ལོང་ནང་.་བཞིན་མཐོང་བ་ལྟ་བུའ-</hi>པ
archive/VE001/UT001_0018.xml,isolated_dot,མ.ད,བའོ༔ .ེའི་ཕྱིར་སྦྲུལ་གྱི་མ.ད་པ་ཉིད་སྦྲུལ་རང་གིས་གྲོལ་
archive/VE001/UT001_0018.xml,isolated_dot,་.་,</hi>བརྒྱལ་བ་སློང་བའི་དོན་.་གསང་བའི་ཞལ་ཆེམས་<hi rend=
archive/VE001/UT001_0018.xml,isolated_dot,་.་,ྲོལ་བའི་</hi>ཚིག་གསུམ་གནད་.་བརྡེག་པ༔ ཕྱག་གཡས་པའི་མཐིལ
archive/VE001/UT001_0018.xml,isolated_dot,་.་,བརྡེག་པ༔ ཕྱག་གཡས་པའི་མཐིལ་.་བཻཌཱུརྱ་མཐིང་ཁ་ཞུན་མས་རང་
archive/VE001/UT001_0018.xml,isolated_dot,་.་,ཟ་མ་ཏོག་སེན་གང་པ་ཅིག་སྣོད་.་བབས་པས༔འཇམ་དཔལ་བཤེས་གཉེན་
archive/VE001/UT001_0018.xml,isolated_dot,་.་,"བ་</hi>,གས་ཀྱི་དཀྱིལ་འཁོར་.་སྦ་བར་བྱའོ༔ འཆི་ཁ་མའི་ཞལ་"
archive/VE001/UT001_0018.xml,isolated_dot,་.་, .ར་ཁྲོད་ཆེན་པོ་བསིལ་བ་ཚལ་.་བབས་པ༔ ཆུ་བོ་དན་ཏིག་མགོར་
archive/VE001/UT001_0018.xml,isolated_dot,་.་,་པའི་ལམ༔ སངས་རྒྱས་ཀྱི་ཞིང་.་སྐད་ཅིག་ལ་གྲོལ་བར་བྱེད་པའ
archive/VE001/UT001_0018.xml,isolated_dot,་.་,ར་ཤེས་པས་</hi>ཆོས་{འི་ཞིང་.་འཆར༔ ཤར་བ་དེ་ཉིད་<hi rend
archive/VE001/UT001_0018.xml,isolated_dot,་.་,"i rend=""small"">རང་སྣང་ཉིད་.་གྲོལ་</hi>རང་གི་ཐོག་དེར་ག"
archive/VE001/UT001_0018.xml,isolated_dot,་.་,"ག་ཏུ་བསྟན་པ་རིག་པ་,ི་གཏོར་.་བསྟན་པ་འི་གདམས་ངག་ནི། </h"
archive/VE001/UT001_0018.xml,isolated_dot,་.་,"ངག་ནི། </hi>སྙིང་གི་དཀྱིལ་.་<hi rend=""small"">ཤིན་ཏུ་ད"
archive/VE001/UT001_0018.xml,isolated_dot,འ.ག,"ལུས་ཀྱི་<hi rend=""small"">འ.ག་སྟངས་དང་མིག་གི་</hi>གནད་"
archive/VE001/UT001_0018.xml,isolated_dot,འ.ག,"ལུས་ཀྱི<hi rend=""small"">་འ.ག་སྟངས་</hi>གནད་གཟིར་བ་དང་"
archive/VE001/UT001_0018.xml,isolated_dot,་.་,""">ནམ་མཁའ་ལ་རིག་པ་མངོན་སུམ་.་སྣང་ཇི་ལྟར་སྣང་ན་ལུ་གུ་རྒ"
archive/VE001/UT001_0018.xml,isolated_dot,་.་,་ཇི་ལྟར་སྣང་ན་ལུ་གུ་རྒྱུད་.་སྣང་བའོ་</hi>དང་༔ གསལ་བ་ད
archive/VE001/UT001_0018.xml,isolated_dot,་.ས,ོད་དང་ཐིག་ལེ་དང་{འི་སྣང་བ་.ས་འདི་ཉིད་ལ་འཆར་རོ༔ </hi>ད
archive/VE001/UT001_0018.xml,isolated_dot,ི.ོ,བེམས་པོར་མ་གྲུབ་ད་ལྟ་དེའ་ི.ོན་ཉམས་སུ་བླངས་པས་འོད་སྣང་
archive/VE001/UT001_0018.xml,isolated_dot,འ.ག,"འོ་</hi>ཡུལ་ལོ༔ སེང་གེའི་འ.ག་སྟངས་ཀྱིས་རིག<hi rend=""s"
archive/VE001/UT001_0018.xml,isolated_dot,འ.ག,པ་གཅུན་པ་དང་༔ \ང་པོ་ཆེའི་འ.ག་སྟངས་ཀྱིས་ལྟ་བ་<hi rend=
archive/VE001/UT001_0018.xml,isolated_dot,་.་,་མཁའ་ལ་ཧར་པོར་ལྟ་གཡས་གཡོན་.་མི་ལྟའོ་</hi>དང་༔ འདབ་ཆགས
archive/VE001/UT001_0018.xml,isolated_dot,་.ེ,"་ས་མནན་པ<hi rend=""small"">་.ེ་ཡང་ནམ་མཁའ་སྤྲིན་དང་བྲལ་བ"
archive/VE001/UT001_0018.xml,isolated_dot,་.ས,ང་ནམ་མཁའ་སྤྲིན་དང་བྲལ་བའི་.ས་སུ་རི་རྩེ་ལ་སོང་ལ་མིག་གཡ
archive/VE001/UT001_0018.xml,isolated_dot,་.་,་གྱིས་མནན་ཏེ་ད0ང་པའི་སྟེང་.་ལྐོག་མ་བཞག་ལ་ལྟ-</hi>དང་༔
archive/VE001/UT001_0018.xml,isolated_dot,་.་,"ll"">.ེ་ཡང་དབེན་པར་གན་རྐྱལ་.་ཉལ་ཏེ་ཡན་ལག་བཞི་ཀ་ཐར་རྩེ་"
archive/VE001/UT001_0018.xml,isolated_dot,་.་,་ཐར་རྩེ་བརྒྱངས་ལ་མིག་སྟེང་.་ལྟའོ༔ </hi>བར་སྣང་.་ཡིད་བ
archive/VE001/UT001_0018.xml,isolated_dot,་.་,་སྟེང་.་ལྟའོ༔ </hi>བར་སྣང་.་ཡིད་བཟུང་བ་དང་༔ རྒྱ་མ.ད་ཀ
archive/VE001/UT001_0018.xml,isolated_dot,མ.ད,ྣང་.་ཡིད་བཟུང་བ་དང་༔ རྒྱ་མ.ད་ཀྱི་དྲིལ་ལུགས་ཀྱིས་<hi r
archive/VE001/UT001_0018.xml,isolated_dot,འ.་,མིག་ཏུ་དྲིལ་ཏེ་ཐིག་ལེ་དང་འ.་འབྲལ་མེད་པར་བརྟག་གོ་</hi>
archive/VE001/UT001_0018.xml,isolated_dot,་.་,"ོ༔ ཁ་སྣའི་དབུགས་ཡིད་ཙམ་ནང་.་འཐེན་<hi rend=""small"">.བུ"
archive/VE001/UT001_0018.xml,isolated_dot,ོ.༔,"""small"">རྒྱུ་</hi>འགྲུལ་ཆོ.༔ རིག་པ་མིག་ཏུ་བཅུག་པས་<hi"
archive/VE001/UT001_0018.xml,isolated_dot,ེ.༔,ྟའ-</hi>ངོ་བོ་ལ་འཁྲུལ་པ་མེ.༔ དབྱིངས་ཕྱི་ནང་འདྲེས་པས་<
archive/VE001/UT001_0018.xml,isolated_dot,ེ.༔,་པས་</hi>རིག་པ་ལ་འགྲོ་ས་མེ.༔ .ེ་ཉིད་དབྱིངས་དང་མ་བྲལ་བ
archive/VE001/UT001_0018.xml,isolated_dot,ོ.༔,བྲལ་བས་ཡིད་ཀྱི་རྣམ་རྟོག་ཆོ.༔ རིག་པ་དབྱིངས་དང་<hi rend
archive/VE001/UT001_0018.xml,isolated_dot,་.་,སྣང་བ་ཐམས་ཅད་རིམ་གྱིས་འོད་.་འཆར་རོ༔ .ེ་ཉིད་རིག་པ་ཡིན་
archive/VE001/UT001_0018.xml,isolated_dot,་.་,་ཀྱི་དབྱིངས་དེ་ཉིད་ཀྱི་ནང་.་རང་གི་རིག་པའི་ངོ་བོ་དེ་འོ
archive/VE001/UT001_0018.xml,isolated_dot,འ.ག,"འགུལ་བས་<hi rend=""small"">འ.ག་སྟངས་གོང་.་བསྟན་པ་ལས་མ་ཞ"
archive/VE001/UT001_0018.xml,isolated_dot,་.་,"rend=""small"">འ.ག་སྟངས་གོང་.་བསྟན་པ་ལས་མ་ཞིག་པར་གནས་པའ"
archive/VE001/UT001_0018.xml,isolated_dot,་.་,"<hi rend=""small"">གཡས་གཡོན་.་མི་འཁྲུལལ་བར་ལུ་གུ་རྒྱུད་"
archive/VE001/UT001_0018.xml,isolated_dot,་.་,་དེ་ཡང་བརྟགས་ན་དངོས་པོ་གང་.་འང་མ་གྲུབ་པར་འ.ག་པས་ཆོས་{
archive/VE001/UT001_0018.xml,isolated_dot,འ.ག,ངོས་པོ་གང་.་འང་མ་གྲུབ་པར་འ.ག་པས་ཆོས་{་ཡིན་པས་དངོས་པོར
archive/VE001/UT001_0018.xml,isolated_dot,བ.ད,"ལས་མ་འདས་པས་འབྱུང་བ་ལྔའི་བ.ད་ལས་གྲོལ་བ་<hi rend=""smal"
archive/VE001/UT001_0018.xml,isolated_dot,ོ.་,"small"">ཡེ་ཤེས་ལྔའི་ཆ་ལས་འོ.་ལྔ་རིག་པའི་ཡུལ་.་ཤར་བས་ངམ"
archive/VE001/UT001_0018.xml,isolated_dot,་.་,ི་ཆ་ལས་འོ.་ལྔ་རིག་པའི་ཡུལ་.་ཤར་བས་ངམ་གྲོག་དང་གཡང་ས་འག
archive/VE001/UT001_0018.xml,isolated_dot,་.་,གགས་ཏེ་སྣང་སྲིད་གཞལ་ཡས་ཁང་.་ཤར་བས་ལྷའི་དཀྱིལ་འཁོར་སྒོ
archive/VE001/UT001_0018.xml,isolated_dot,་.་,ོ་བོ་ལུ་གུ་རྒྱུད་ཅེར་མཐོང་.་མཐོང་བས་རྐྱེན་གཞན་ལ་རག་མ་
archive/VE001/UT001_0018.xml,isolated_dot,ེ.་,ང༔ དག་པའི་དབྱིངས་རྒྱ་བསྐྱེ.་པས་རིག་པ་རང་ཐོག་ཏུ་སྤར་གྱ
archive/VE001/UT001_0018.xml,isolated_dot,་.༔,ས་ཏེ་བརྒྱལ་པ་བསླང་བའི་དོན་.༔ ཤྲཱི་སིང་ཧའི་ཕྱག་མཐིལ་.་
archive/VE001/UT001_0018.xml,isolated_dot,་.་,་.༔ ཤྲཱི་སིང་ཧའི་ཕྱག་མཐིལ་.་རིན་པོ་ཆེའི་ཟ་མ་ཏོག་གི་ནང
archive/VE001/UT001_0018.xml,isolated_dot,་.་,རིན་པོ་ཆེའི་ཟ་མ་ཏོག་གི་ནང་.་བཻཌཱུརྱ་མཐིང་ཁ་ཞུན་མས་རང་
archive/VE001/UT001_0018.xml,isolated_dot,་.་,ཌཱུརྱ་མཐིང་ཁ་ཞུན་མས་རང་ནན་.་བྲིས་པ་གཅིག་.ར་ཁྲོད་ཆེན་པ
archive/VE001/UT001_0018.xml,isolated_dot,་.ར,ུན་མས་རང་ནན་.་བྲིས་པ་གཅིག་.ར་ཁྲོད་ཆེན་པོ་སོ་ས་གླིང་དེ
archive/VE001/UT001_0018.xml,isolated_dot,་.་,ད་ཆེན་པོ་སོ་ས་གླིང་དེ་ཉིད་.་བབས་སོ༔ .ེ་ཉིད་བབས་པ་ཙམ་ག
archive/VE001/UT001_0018.xml,isolated_dot,་.་,ིས་སྐྱེ་མེད་སྟོང་པའི་ཀློང་.་མྱ་ངན་ལས་འདའ་བར་བྱེད་པའི་
archive/VE001/UT001_0018.xml,isolated_dot,བ.ན,>༈ ༔ཤྲཱི་སིང་ཧའི་གཟེར་བུ་བ.ན་པ་བཞུགས་སོ༔</hi>  སརྦ་སན
archive/VE001/UT001_0018.xml,isolated_dot,་.་,བ་པ་དེ་ལ་གལ་མདོའི་གཅན་ཕྲང་.་གཟེར་གདབ་པ་ན-</hi>རིག་པའི
archive/VE001/UT001_0018.xml,isolated_dot,བ.ན,"འཁོར་འདས་འཕྲང་ལ་གཟེར་ཆེན་བ.ན་<hi rend=""small"">པའི་མན་"
archive/VE001/UT001_0018.xml,isolated_dot,བ.ན,"small"">པའི་མན་ངག་དགོངས་པ་བ.ན་གྱི་དྲོད་ཚད་བ.ན་རིམ་གྱིས"
archive/VE001/UT001_0018.xml,isolated_dot,བ.ན,་དགོངས་པ་བ.ན་གྱི་དྲོད་ཚད་བ.ན་རིམ་གྱིས་སྐྱེས་ནས་ཐ་མ་སྣ
archive/VE001/UT001_0018.xml,isolated_dot,་.་,་ནས་ཐ་མ་སྣོད་བཅུད་རང་གྲོལ་.་ཤེས་པའོ༔ བ.ན་ནི་འཁོར་འདས་
archive/VE001/UT001_0018.xml,isolated_dot,བ.ན,་བཅུད་རང་གྲོལ་.་ཤེས་པའོ༔ བ.ན་ནི་འཁོར་འདས་གཉིས་ཀྱི་འཕྲ
archive/VE001/UT001_0018.xml,isolated_dot,བ.ན,གཉིས་སུ་མེད་པར་བསྲེ་བ་དང་བ.ན་ནོ་</hi>བཏབ་པས༔ མི་འགྱུར
archive/VE001/UT001_0018.xml,isolated_dot,་.་,"གྱིས་ཡུལ་སེམས་གཉིས་ཀྱི་བར་.་<hi rend=""small"">སྒྲོན་མ་"
archive/VE001/UT001_0018.xml,isolated_dot,་.་,ྐྱོན་དང་བྲལ་བས་མིག་གི་ཡུལ་.་འོད་དང་ཐིག་ལེ་.་མ་འཆར་རོ༔
archive/VE001/UT001_0018.xml,isolated_dot,་.་,ིག་གི་ཡུལ་.་འོད་དང་ཐིག་ལེ་.་མ་འཆར་རོ༔མི་འདོད་ཀྱང་{་སྣ
archive/VE001/UT001_0018.xml,isolated_dot,་.་,"གཟེར་བློ་དངོས་གཉིས་ཀྱི་བར་.་<hi rend=""small"">རིག་པའི་"
archive/VE001/UT001_0018.xml,isolated_dot,་.་,"ས་གཟེར་རྟག་ཆད་གཉིས་ཀྱི་བར་.་<hi rend=""small"">རང་བྱུང་"
archive/VE001/UT001_0018.xml,isolated_dot,འ.ག,ས་འཁོར་འདས་ཐམས་ཅད་ཡིན་པར་འ.ག་པའི་ཉམས་འཆར་ཏེ་བཟང་ངན་གཉ
archive/VE001/UT001_0018.xml,isolated_dot,་.་,"མས་འཆར་ཏེ་བཟང་ངན་གཉིས་མེད་.་བྱན་ཚུད་པའོ་ </hi>,ོབ་ཅིག"
archive/VE001/UT001_0018.xml,isolated_dot,་.་,"small"">་འཁོར་འདས་གཉིས་མེད་.་འདྲེས་པས་རྐྱེན་གཞན་ལ་རག་མ"
archive/VE001/UT001_0018.xml,isolated_dot,འ.ག,པར་ཐག་ཆོད་དྲན་བསམ་ཇི་ལྟར་འ.ག་ཀྱང་རང་སྣང་ཡིན་པས་སྣང་བ་
archive/VE001/UT001_0018.xml,isolated_dot,་.་,i>ལྟ་བུའོ༔ སྣང་བ་ཅེར་གྲོལ་.་ཤེས་དྲན་བསམ་ལ་བྱན་ཚུད་པ་ན
archive/VE001/UT001_0018.xml,isolated_dot,་.་,ན་གྱིས་རྐྱེན་ཉིད་སྐྱེ་མེད་.་གྲོལ་པར་ཐག་ཆོད་འགྱུ་བྱེད་
archive/VE001/UT001_0018.xml,isolated_dot,་.་,"ཡེ་དག་གི་དགོངས་པ་བཞི་མངོན་.་ཤེས་པ་ནི་<hi rend=""small"""
archive/VE001/UT001_0018.xml,isolated_dot,་.ང,"rend=""small"">འདོད་ཆགས་ཀྱི་.ང་པ་ཡོད་པ་སྐྱེ་བ་ལྟར་ཤེས་པ"
archive/VE001/UT001_0018.xml,isolated_dot,་.་,ས་བྲལ་གྱི་ཡེ་ཤེས་རང་རྐྱེན་.་ཤར་བས་ཡིན་མིན་གྱི་རྩིས་ལས
archive/VE001/UT001_0018.xml,isolated_dot,་.་,ོགས་མེད་ཀྱི་ཤེས་པ་ཡུལ་མེད་.་ཤར་བར་ཐག་ཆོད་དྲན་རྟོག་གི་
archive/VE001/UT001_0018.xml,isolated_dot,་.་,་ཞེས་པ་ལྟར་དངོས་པོ་རང་ཐོག་.་གྲོལ་བ་ཟང་ཐལ་ལོ་</hi>ཕྲད་
archive/VE001/UT001_0018.xml,isolated_dot,ོ.༔,ས་འབད་རྩོལ་དང་བྲལ་བར་ཐག་ཆོ.༔ ཅིར་སྣང་རིག་པའི་སྣང་བར་ཤ
archive/VE001/UT001_0018.xml,isolated_dot,་.་,"ཏབ་པས་ཡུལ་རྐྱེན་མཉམ་པ་ཉིད་.་ཤེས་པ་ནི་<hi rend=""small"""
archive/VE001/UT001_0018.xml,isolated_dot,་.་,"small"">བྱིང་རྒོད་གཉིས་མེད་.་འདྲེས་པས་སྣང་སྲིད་འདི་དག་"
archive/VE001/UT001_0018.xml,isolated_dot,ོ.༔,ྲིད་འདི་དག་རང་བཞག་ཏུ་ཐག་ཆོ.༔ ཚོགས་དྲུག་གི་ཤེས་པ་མཉམ་བ
archive/VE001/UT001_0018.xml,isolated_dot,འ.་,ད་རྩོལ་མེད་པར་ཡེནས་རང་དང་འ.་འབྲལ་མེད་པ་ཡིན་པས་སྣོད་བཅ
archive/VE001/UT001_0018.xml,isolated_dot,ོ.༔,ལ་མ་ལྟོས་པར་བུདྡྷ་བར་ཐག་ཆོ.༔ རིག་པ་རང་དག་གི་ལྟ་བས་ཅིར
archive/VE001/UT001_0018.xml,isolated_dot,་.ས,ྲ་ཤིས་ཁྲི་སྒོ་ན་བཞུགས་པའི་.ས་</hi>བརྒྱལ་ཞིང་ས་ལ་འགྱེལ
archive/VE001/UT001_0018.xml,isolated_dot,་.ར,ི་བསམ་ལེ་ན་ཡོད་ཀྱི་ལོངས་ལ་.ར་ཁྲོད་བྷ་སིང་.་སོང་བྱ་བ་བ
archive/VE001/UT001_0018.xml,isolated_dot,་.་,ཀྱི་ལོངས་ལ་.ར་ཁྲོད་བྷ་སིང་.་སོང་བྱ་བ་བྱུང་ངོ་</hi>.ེ་
archive/VE001/UT001_0018.xml,isolated_dot,་.་,ོ་བརྒྱལ་བ་ལས་བསླང་བའི་དོན་.་རིན་པོ་ཆེའི་ཟ་མ་ཏོག་སེན་ག
archive/VE001/UT001_0018.xml,isolated_dot,་.་,ོག་སེན་གང་པ་གཅིག་ཕྱག་མཐིལ་.་བབས་སོ༔ .ེ་ཉིད་བབས་པ་ཙམ་ག
archive/VE001/UT001_0018.xml,isolated_dot,བ.ན,་སིང་ཧའི་ཞལ་ཆེམས་གཟེར་བུ་བ.ན་པ་ལོང་བའི་སྣ་ཁྲིད་དང་འདྲ
archive/VE001/UT001_0018.xml,isolated_dot,ོ.༔,ེ་ཤེས་མདོའི་བཞག་ཐབས་བཞི་ཡོ.༔</hi>  སརྦ་ཨེ་ཀ་ར་<hi ren
archive/VE001/UT001_0018.xml,isolated_dot,་.་,"l"">,ིག་ལེ་</hi>ཉག་གཅིག་ངང་.་གཞག་པར་བྱའོ༔ <hi rend=""sm"
archive/VE001/UT001_0018.xml,isolated_dot,་.་,དགོངས་པ་</hi>དང་མཉམ་པ་ཉིད་.་གྲགས༔ གང་ཞིག་བཟུང་བས་མ་ཟི
archive/VE001/UT001_0018.xml,isolated_dot,་.ོ,"ིས་ཤིག,,ོད་པ་ཐམས་ཅད་ལ་རྩལ་.ོང་བར་འདོད་ན་སྣང་བ་ཅེར་བཞག"
archive/VE001/UT001_0018.xml,isolated_dot,མ.ད,"མ་ཐོག་ཏུ་གྲོལ་བ་སྦྲུལ་དང་མ.ད་པ་ལྟ་བུས་<hi rend=""small"
archive/VE001/UT001_0018.xml,isolated_dot,་.་,"རང་གྲོལ་བ་གཟུ་བོའི་བློ་ཅན་.་ལྷ་ཁང་.་ཕྱིན་པ་<hi rend="""
archive/VE001/UT001_0018.xml,isolated_dot,་.་,"བ་གཟུ་བོའི་བློ་ཅན་.་ལྷ་ཁང་.་ཕྱིན་པ་<hi rend=""small"">ས"
archive/VE001/UT001_0018.xml,isolated_dot,་.ོ,"hi rend=""small"">ཉིན་མཚན་ཁ་.ོར་</hi>རྣམས་ཀྱི་རྗེས་བཅོད"
archive/VE001/UT001_0018.xml,isolated_dot,་.་,"all"">སྣང་བ</hi>སྣ་ཚོགས་ལམ་.་ཁྱེར་བའི་རྐང་༔ དྲན་པ་<hi "
archive/VE001/UT001_0018.xml,isolated_dot,་.་,"hi rend=""small"">.ེ་ཉིད་ངང་.་</hi>དག་པའི་ཁྲུས་སོ༔ སྣང་"
archive/VE001/UT001_0018.xml,isolated_dot,་.་,་མི་ཏྲའི་ཕྱག་གཡས་པའི་མཐིལ་.་རིན་པོ་ཆེའི་ཟ་མ་ཏོག་སེན་ག
archive/VE001/UT001_0018.xml,isolated_dot,་.་,་པས་བཻཌཱུརྱ་མཐིང་ཀས་རང་ནང་.་རིན་པོ་ཆེ་ལྔའི་ཤོག་བུ་ལ་བ
archive/VE001/UT001_0018.xml,isolated_dot,འ.ག,ག་བུ་ལ་བྲིས་པ་གཅིག་བཞུགས་འ.ག་སྟེ༔ བི་མ་ལས་བལྟས་པ་ཙམ་ག
archive/VE001/UT001_0018.xml,isolated_dot,་.་,ཏོ༔ .ར་ཁྲོད་ཆེན་པོ་བྷ་སེང་.་སྣང་བར་བྱས་པ༔ ཡེ་ཤེས་མདོའ
archive/VE001/UT001_0018.xml,short_head,-,"<hi rend=""head"">-</hi>"
archive/VE001/UT001_0018.xml,short_head,བ,"<hi rend=""head"">བ</hi>"
archive/VE001/UT001_0018.xml,short_head,ི,"<hi rend=""head"">ི</hi>"
archive/VE001/UT001_0018.xml,short_head,༔,"<hi rend=""head"">༔</hi>"
archive/VE001/UT001_0018.xml,short_head,ོ༔,"<hi rend=""head"">ོ༔</hi>"
archive/VE001/UT001_0018.xml,short_head,ི,"<hi rend=""head"">ི</hi>"
archive/VE001/UT001_0018.xml,short_head,-,"<hi rend=""head"">-</hi>"
archive/VE001/UT001_0018.xml,short_head,༔,"<hi rend=""head"">༔</hi>"
archive/VE001/UT001_0019.xml,tsheg_dot_tsheg,་.་,"ཅན་སངས་རྒྱས་ས་ལ་འགོ.༔ ཡུན་.་བསགས་པའི་སྒྲིབ་པ་འ,ག་པོ་ཡ"
archive/VE001/UT001_0019.xml,tsheg_dot_tsheg,་.་,"་འ,ག་པོ་ཡང་༔ ཚིག་གསུམ་གནད་.་བརྡེག་པས་ཤེལ་སྒོང་ཕྱིས་པ་"
archive/VE001/UT001_0019.xml,tsheg_dot_tsheg,་.་,་སྒྲོན་མ་ཡིས༔ རྟོག་པ་གདེང་.་ཚུད་པར་བསྟན༔ ཤེས་རབ་ཆེན་པ
archive/VE001/UT001_0019.xml,tsheg_dot_tsheg,་.་,ོས་སྐད་ཅིག་ལ༔ ཆོས་ཀུན་ཁོང་.་ཆུད་པ་པོ༔ རྒྱང་ཞགས་ཆུ་ཡི་
archive/VE001/UT001_0019.xml,tsheg_dot_tsheg,་.་,་མ་ཡིས༔ རིག་པ་ལན་གསུམ་གནད་.་གཟུང་༔ སྣང་དང་སྟོང་དང་གསལ
archive/VE001/UT001_0019.xml,tsheg_dot_tsheg,་.་,སྡུད་པ་ལས་</hi>རིག་པ་ཁྱིམ་.་མི་གནས་ལམ་ལ་མཁས་པར་འགྱུར༔
archive/VE001/UT001_0019.xml,tsheg_dot_tsheg,་.་,"་<hi rend=""small"">བློ་ཡུལ་.་བྱ་བ་ལས་དོན་རང་གི་མཚན་ཉིད"
archive/VE001/UT001_0019.xml,tsheg_dot_tsheg,་.་,</hi>པའོ༔ ཕུང་པོ་ལྔ་ནི་ནང་.་རིག་པ་ངོས་གཟུང་བ་ནི༔ མིག་
archive/VE001/UT001_0019.xml,tsheg_dot_tsheg,་.་,ནམ་མཁའ་སྤྲིན་བྲལ་གྱི་ཀློང་.་གཏད་པས༔ དབྱིངས་རྣམ་པར་དག་
archive/VE001/UT001_0019.xml,tsheg_dot_tsheg,་.་,"d=""small"">སྣང་བའི་ཉམས་གོང་.་འཕེལ་བ-</hi>{༔ ཡེ་ཤེས་ཟང་"
archive/VE001/UT001_0019.xml,tsheg_dot_tsheg,་.་,པ་དབྱེར་མི་ཕྱེད་</hi>ཀློང་.་འགག་མེད་ཀྱི་རིག་པ་རང་གྲོལ
archive/VE001/UT001_0019.xml,tsheg_dot_tsheg,་.་,""">ནམ་མཁའ་རྣམ་པར་དག་པའི་ནང་.་</hi>ཆོ.༔ གྲོགས་མེད་གཅིག་"
archive/VE001/UT001_0019.xml,tsheg_dot_tsheg,་.་,དམྱལ་བར་སྐྱེས་པ་གཅིག་འདོན་.་</hi>.ོན་ལ་འགྲོ༔ ཞེས་གསུང
archive/VE001/UT001_0019.xml,tsheg_dot_tsheg,་.་, ས་མ་ཡཱ༔ གུ་རུ་ན་མོ༔ ཨེ་ཀ་.་ན་ར་ཀན༔ཨྠིྀ༔ སུམ་རེ༔ ཚེ་ད
archive/VE001/UT001_0019.xml,comma_o,",ོ","་པར་མཁྱེན་པ་ཤེས་རབ༔ ལོངས་,ོད་རྫོགས་པའི་{འོ༔ མིག་གི་ད"
archive/VE001/UT001_0019.xml,comma_o,",ོ","ll"">གླང་པོ་ཆེ་ལྟ་བུ་</hi>,ོད་པའི་གད<hi rend=""head"">ི"
archive/VE001/UT001_0019.xml,comma_o,",ོ","ག་བསྒྲུབ་པ་</hi>རྟོག་པའི་,ོད་པ་དང་༔ རྩོལ་སྒྲུབ་<hi r"
archive/VE001/UT001_0019.xml,comma_o,",ོ","མ་</hi>ཚུལ་འཆོས་བྱེད་པའི་,ོད་པ་དང་༔ བརྟུལ་ཞུགས་<hi r"
archive/VE001/UT001_0019.xml,comma_o,",ོ","་ </hi>སྨྱོན་པར་བྱེད་པའི་,ོད་པ་དང་༔ འདི་རྣམས་<hi ren"
archive/VE001/UT001_0019.xml,comma_o,",ོ","ིན་བརྟུལ་ཞུགས་མེད་པ་</hi>,ོད་པའི་གོལ་སར་ཤེས་པར་གྱིས༔"
archive/VE001/UT001_0019.xml,comma_o,",ོ","ོགས་ཀྱི་<hi rend=""small"">,ོབ་རྒྱུ་ཡོད་ཟེར་བ་</hi>གོལ"
archive/VE001/UT001_0019.xml,comma_o,",ོ","་ཕྱོགས་མ་ཆད་མཁྱེན་པ་ལ་མི་,ོད་རང་ངོ་ལ་མི་འགགས་ཐིམ་པ་ལ"
archive/VE001/UT001_0019.xml,comma_o,",ོ","</hi>རང་བཞིན་རྒྱ་མ་ཆད་དེ་,ོད་པའི་མཆོག༔ མཐོང་རྟོག་སྒྱ"
archive/VE001/UT001_0019.xml,comma_o,",ོ","ནི<hi rend=""small"">་</hi>,ོས་ཆུང་བློ་ཞེན་མ་ཡིན་ཏེ༔ ས"
archive/VE001/UT001_0019.xml,comma_o,",ོ","་<hi rend=""small"">བྱ་བའི་,ོད་བའི་རྣལ་འབྱོར་བླ་ན་མེད་"
archive/VE001/UT001_0019.xml,comma_o,",ོ","སངས་རྒྱས་སར་བཀོད་བདག་གིས་,ོད་༔ ད་ལྟར་བདག་ནི་རྩེ་ལྔ་ད"
archive/VE001/UT001_0019.xml,comma_tibetan,",ེ","ོ༔</hi> <hi rend=""small"">,ེམ་མེ.༔ </hi> <lb/> རང་རིག"
archive/VE001/UT001_0019.xml,comma_tibetan,",ག"," ཡུན་.་བསགས་པའི་སྒྲིབ་པ་འ,ག་པོ་ཡང་༔ ཚིག་གསུམ་གནད་.་བ"
archive/VE001/UT001_0019.xml,comma_tibetan,",ག","་བྱ༔ .ེ་ཀ་ན་སངས་རྒྱས་ཀྱི་,གས་ཡང་དག་པའི་ཡེ་ཤེས་ཡིན་པས"
archive/VE001/UT001_0019.xml,comma_tibetan,",ག","mall"">ཁྱུང་རོལ་པ་ལས་</hi>,གས་མཆོག་ནི༔ འགྲོ་བ་ཀུན་གྱི"
archive/VE001/UT001_0019.xml,comma_tibetan,",ན","་མཆོག་ནི༔ འགྲོ་བ་ཀུན་གྱི་,ན་ལ་ཤར༔ ཞེས་པའོ༔ .ེ་ཀ་ན་སེ"
archive/VE001/UT001_0019.xml,comma_tibetan,",ི",">ི-</hi><hi rend=""small"">,ི་འཇལ་གྱི་རྣམ་པ་</hi>སེམས་"
archive/VE001/UT001_0019.xml,comma_tibetan,",ོ","་པར་མཁྱེན་པ་ཤེས་རབ༔ ལོངས་,ོད་རྫོགས་པའི་{འོ༔ མིག་གི་ད"
archive/VE001/UT001_0019.xml,comma_tibetan,",ེ","ེས་ཡིད་ཆེས་ཐག་ཆོད་པ་</hi>,ེ་ཚོམ་མེད་པའི་བློ༔ ཞེས་པའོ"
archive/VE001/UT001_0019.xml,comma_tibetan,",ན"," rend=""small"">ཡེ་ཤེས་ཀྱི་,ན་རྣམ་པར་དག་པ་</hi>སྒྲོན་མ"
archive/VE001/UT001_0019.xml,comma_tibetan,",ག",">སྣང་བ་འཆར་ལུགས་</hi>པས༔ ,གས་རྗེ་འོད་ཟེར་གྱི་སྣང་བ་ཤ"
archive/VE001/UT001_0019.xml,comma_tibetan,",ི","་ཕྱེད་ཉལ་ཟླུམ་འཁྱིལ་</hi>,ིག་ལེ་དང་<hi rend=""small"">"
archive/VE001/UT001_0019.xml,comma_tibetan,",ི","end=""small"">ཞིང་ཁམས་</hi>,ིག་ཕྲན་ལོངས་{་དང་<hi rend="
archive/VE001/UT001_0019.xml,comma_tibetan,",ན",">སྤྲུལ་{འི་སྣང་བ་འཆར་རོ༔ ,ན་ལྔ་ཡང་རིམ་པས་<hi rend=""s"
archive/VE001/UT001_0019.xml,comma_tibetan,",ན","་སུ་བླངས་པས་</hi>འཆར་རོ༔ ,ན་ལྔ་ཆགས་པ་མེད་པར་འཆང༔ ཞེས"
archive/VE001/UT001_0019.xml,comma_tibetan,",ན","ྒྱ་མ་ཆད་<hi rend=""small"">,ན་མོང་མ་ཡིན་པའི་གཉུག་མ་ལ་ལ"
archive/VE001/UT001_0019.xml,comma_tibetan,",ོ","ll"">གླང་པོ་ཆེ་ལྟ་བུ་</hi>,ོད་པའི་གད<hi rend=""head"">ི"
archive/VE001/UT001_0019.xml,comma_tibetan,",ད","་<hi rend=""small"">ཤིན་ཏུ་,ད་ནས་སྟོང་པ་</hi>ལྟ་སྒོམ་ད"
archive/VE001/UT001_0019.xml,comma_tibetan,",ོ","ག་བསྒྲུབ་པ་</hi>རྟོག་པའི་,ོད་པ་དང་༔ རྩོལ་སྒྲུབ་<hi r"
archive/VE001/UT001_0019.xml,comma_tibetan,",ོ","མ་</hi>ཚུལ་འཆོས་བྱེད་པའི་,ོད་པ་དང་༔ བརྟུལ་ཞུགས་<hi r"
archive/VE001/UT001_0019.xml,comma_tibetan,",ོ","་ </hi>སྨྱོན་པར་བྱེད་པའི་,ོད་པ་དང་༔ འདི་རྣམས་<hi ren"
archive/VE001/UT001_0019.xml,comma_tibetan,",ོ","ིན་བརྟུལ་ཞུགས་མེད་པ་</hi>,ོད་པའི་གོལ་སར་ཤེས་པར་གྱིས༔"
archive/VE001/UT001_0019.xml,comma_tibetan,",ོ","ོགས་ཀྱི་<hi rend=""small"">,ོབ་རྒྱུ་ཡོད་ཟེར་བ་</hi>གོལ"
archive/VE001/UT001_0019.xml,comma_tibetan,",ོ","་ཕྱོགས་མ་ཆད་མཁྱེན་པ་ལ་མི་,ོད་རང་ངོ་ལ་མི་འགགས་ཐིམ་པ་ལ"
archive/VE001/UT001_0019.xml,comma_tibetan,",ོ","</hi>རང་བཞིན་རྒྱ་མ་ཆད་དེ་,ོད་པའི་མཆོག༔ མཐོང་རྟོག་སྒྱ"
archive/VE001/UT001_0019.xml,comma_tibetan,",ོ","ནི<hi rend=""small"">་</hi>,ོས་ཆུང་བློ་ཞེན་མ་ཡིན་ཏེ༔ ས"
archive/VE001/UT001_0019.xml,comma_tibetan,",ོ","་<hi rend=""small"">བྱ་བའི་,ོད་བའི་རྣལ་འབྱོར་བླ་ན་མེད་"
archive/VE001/UT001_0019.xml,comma_tibetan,",ོ","སངས་རྒྱས་སར་བཀོད་བདག་གིས་,ོད་༔ ད་ལྟར་བདག་ནི་རྩེ་ལྔ་ད"
archive/VE001/UT001_0019.xml,comma_tibetan,",ན","སངས་རྒྱས་ཉག་གཅིག་དགོངས་པ་,ན་ཅིག་དང་༔ གདམས་ངག་ཚིག་གཅི"
archive/VE001/UT001_0019.xml,curly_brace,{,མེད་ཀ་དག་བསྒྲུབ་པའི་མཐའ༔ {་གསུམ་ལྷུན་གྲུབ་འབྲས་བུའི
archive/VE001/UT001_0019.xml,curly_brace,{,ྒྱུད་ལས་</hi>ཀུན་གཞི་ཆོས་{ར་དབྱེ༔ ཀུན་གཞི་ཀུན་གྱི་ག
archive/VE001/UT001_0019.xml,curly_brace,{,"ོས་རིག་པ་གཅེར་ཐོན་པ༔ ཆོས་{་<hi rend=""small"">རྐྱེན་ད"
archive/VE001/UT001_0019.xml,curly_brace,{,ོག་མེད་ཟང་ཐལ་ཆོས་ཉིད་ཆོས་{་སྤྲོས་བྲལ་</hi>ཟང་ཐལ་དེ་
archive/VE001/UT001_0019.xml,curly_brace,{,"l"">ཉམས་སུ་མྱོང་</hi>པའོ༔ {་གསུམ་རང་གི་སྣ་ཁྲིད་པར་འཆ"
archive/VE001/UT001_0019.xml,curly_brace,{,>མ་འགགས་པ༔ རིག་པ་ཆོས་ཀྱི་{འོ༔ མཐོང་པ་ངེས་པར་མཁྱེན་པ
archive/VE001/UT001_0019.xml,curly_brace,{,"ས་རབ༔ ལོངས་,ོད་རྫོགས་པའི་{འོ༔ མིག་གི་དེ་ཁོ་ན་ཉིད་སྙ"
archive/VE001/UT001_0019.xml,curly_brace,{,་ཀྱི་ལུས་ཅན་ནི་སྤྲུལ་པའི་{་སྟེ༔ {་གསུམ་འ.་འབྲལ་མེད་
archive/VE001/UT001_0019.xml,curly_brace,{,ས་ཅན་ནི་སྤྲུལ་པའི་{་སྟེ༔ {་གསུམ་འ.་འབྲལ་མེད་པར་<hi 
archive/VE001/UT001_0019.xml,curly_brace,{,"་པར་<hi rend=""small"">ཆོས་{་</hi>རང་གི་སྣ་ཁྲིད་པར་ཤར"
archive/VE001/UT001_0019.xml,curly_brace,{,"end=""small"">ི་</hi>དང་པོ་{་གསུམ་འཆང་༔ ཞེས་པའོ༔ .ེ་ད"
archive/VE001/UT001_0019.xml,curly_brace,{,"ཤེས་<hi rend=""small"">ཆོས་{་ཟང་ཐལ་རྟོག་མེད་</hi>ངོ་ཤ"
archive/VE001/UT001_0019.xml,curly_brace,{,"་བར་<hi rend=""small"">ཆོས་{་ཀ་དག་སྤྲོས་བྲལ་ཡིན་</hi>"
archive/VE001/UT001_0019.xml,curly_brace,{,འི་ཉམས་གོང་.་འཕེལ་བ-</hi>{༔ ཡེ་ཤེས་ཟང་ཐལ་ཆེན་པོའི་ད
archive/VE001/UT001_0019.xml,curly_brace,{,"ིང་ཁམས་</hi>,ིག་ཕྲན་ལོངས་{་དང་<hi rend=""small"">རིགས"
archive/VE001/UT001_0019.xml,curly_brace,{,"ll"">རིགས་དྲུག་</hi>སྤྲུལ་{འི་སྣང་བ་འཆར་རོ༔ ,ན་ལྔ་ཡང"
archive/VE001/UT001_0019.xml,curly_brace,{,"་ལེ་ཆེན་པོའི་ངང་གྲོལ་དང༔ {་གསུམ་ལྷུན་གྲུབ<hi rend="""
archive/VE001/UT001_0019.xml,curly_brace,{,"ཚམས་མེད་</hi>ཆོ.༔ ལྟ་མེད་{་ལ་བལྟས་པས་<hi rend=""smal"
archive/VE001/UT001_0019.xml,curly_brace,{,་དགོངས་ནས་འཕོ་བ་ཆེན་པོའི་{༔ སངས་རྒྱས་སྟོང་གི་བསྟན་པ
archive/VE001/UT001_0019.xml,isolated_dot,ེ.༔,"i> <hi rend=""small"">,ེམ་མེ.༔ </hi> <lb/> རང་རིག་གསལ་བ"
archive/VE001/UT001_0019.xml,isolated_dot,ོ.༔,༔ སེམས་ཅན་སངས་རྒྱས་ས་ལ་འགོ.༔ ཡུན་.་བསགས་པའི་སྒྲིབ་པ་འ
archive/VE001/UT001_0019.xml,isolated_dot,་.་,"ཅན་སངས་རྒྱས་ས་ལ་འགོ.༔ ཡུན་.་བསགས་པའི་སྒྲིབ་པ་འ,ག་པོ་ཡ"
archive/VE001/UT001_0019.xml,isolated_dot,་.་,"་འ,ག་པོ་ཡང་༔ ཚིག་གསུམ་གནད་.་བརྡེག་པས་ཤེལ་སྒོང་ཕྱིས་པ་"
archive/VE001/UT001_0019.xml,isolated_dot,་.་,་སྒྲོན་མ་ཡིས༔ རྟོག་པ་གདེང་.་ཚུད་པར་བསྟན༔ ཤེས་རབ་ཆེན་པ
archive/VE001/UT001_0019.xml,isolated_dot,་.་,ོས་སྐད་ཅིག་ལ༔ ཆོས་ཀུན་ཁོང་.་ཆུད་པ་པོ༔ རྒྱང་ཞགས་ཆུ་ཡི་
archive/VE001/UT001_0019.xml,isolated_dot,་.་,་མ་ཡིས༔ རིག་པ་ལན་གསུམ་གནད་.་གཟུང་༔ སྣང་དང་སྟོང་དང་གསལ
archive/VE001/UT001_0019.xml,isolated_dot,་.ས,་ཡོན་ཏན་ཕྱོགས་ཚད་དབྱེ་བའི་.ས་སེམས་ཀྱིས་ཚེས་བཅོ་ལྔ་ཆོས
archive/VE001/UT001_0019.xml,isolated_dot,་.ོ,་ཉིད་ཀྱི་སྣང་བ་སྣང་བ་གསུམ་.ོར་རང་འབྱུང་ས་ལ་.ོར-</hi>ད
archive/VE001/UT001_0019.xml,isolated_dot,་.ོ,ང་བ་གསུམ་.ོར་རང་འབྱུང་ས་ལ་.ོར-</hi>དག་སྣང་ཕྱེད་པས་ལམ་
archive/VE001/UT001_0019.xml,isolated_dot,ེ.༔,ི་མ་གསུམ་བྲལ་</hi>དྲི་མ་མེ.༔ ཅེས་པའོ༔ མིག་གི་དབང་པོ་མ
archive/VE001/UT001_0019.xml,isolated_dot,་.་,སྡུད་པ་ལས་</hi>རིག་པ་ཁྱིམ་.་མི་གནས་ལམ་ལ་མཁས་པར་འགྱུར༔
archive/VE001/UT001_0019.xml,isolated_dot,ེ.༔,ཁོར་འདི་ལ་ཟད་མེད་འཕེལ་བ་མེ.༔ ཅེས་སོ༔ ཡིད་དཔྱོད་ཀྱ<hi 
archive/VE001/UT001_0019.xml,isolated_dot,་.་,"་<hi rend=""small"">བློ་ཡུལ་.་བྱ་བ་ལས་དོན་རང་གི་མཚན་ཉིད"
archive/VE001/UT001_0019.xml,isolated_dot,་.༔,བྱ་བ་ལས་དོན་རང་གི་མཚན་ཉིད་.༔</hi>མ་འགགས་པ༔ རིག་པ་ཆོས་
archive/VE001/UT001_0019.xml,isolated_dot,འ.་,"་སྤྲུལ་པའི་{་སྟེ༔ {་གསུམ་འ.་འབྲལ་མེད་པར་<hi rend=""sma"
archive/VE001/UT001_0019.xml,isolated_dot,་.་,</hi>པའོ༔ ཕུང་པོ་ལྔ་ནི་ནང་.་རིག་པ་ངོས་གཟུང་བ་ནི༔ མིག་
archive/VE001/UT001_0019.xml,isolated_dot,་.་,ནམ་མཁའ་སྤྲིན་བྲལ་གྱི་ཀློང་.་གཏད་པས༔ དབྱིངས་རྣམ་པར་དག་
archive/VE001/UT001_0019.xml,isolated_dot,་.་,"d=""small"">སྣང་བའི་ཉམས་གོང་.་འཕེལ་བ-</hi>{༔ ཡེ་ཤེས་ཟང་"
archive/VE001/UT001_0019.xml,isolated_dot,་.་,པ་དབྱེར་མི་ཕྱེད་</hi>ཀློང་.་འགག་མེད་ཀྱི་རིག་པ་རང་གྲོལ
archive/VE001/UT001_0019.xml,isolated_dot,་.ང,དེ་སྟོང་རྩོལ་བཅས་</hi>ལུས་.ངས་དང་༔ ཡིད་འགྱུ་གཅོད་པའི་
archive/VE001/UT001_0019.xml,isolated_dot,་.ོ,"ྒྲུབ་<hi rend=""small"">དགེ་.ོང་ངམ་</hi>ཚུལ་འཆོས་བྱེད་པ"
archive/VE001/UT001_0019.xml,isolated_dot,ོ.༔,་ན་གྲུབ་མཐའ་ངན་པའི་ལྟ་བ་ཆོ.༔ ཕྱིན་བསྒྲོད་མེད་པར་སླེབས
archive/VE001/UT001_0019.xml,isolated_dot,་.་,""">ནམ་མཁའ་རྣམ་པར་དག་པའི་ནང་.་</hi>ཆོ.༔ གྲོགས་མེད་གཅིག་"
archive/VE001/UT001_0019.xml,isolated_dot,ོ.༔,རྣམ་པར་དག་པའི་ནང་.་</hi>ཆོ.༔ གྲོགས་མེད་གཅིག་0ར་འ.ག་ན་
archive/VE001/UT001_0019.xml,isolated_dot,འ.ག,i>ཆོ.༔ གྲོགས་མེད་གཅིག་0ར་འ.ག་ན་སྒོམ་པའི་རྒྱབ་ཤ་<hi re
archive/VE001/UT001_0019.xml,isolated_dot,ོ.༔,གཅིག་ལ་བར་མཚམས་མེད་</hi>ཆོ.༔ ལྟ་མེད་{་ལ་བལྟས་པས་<hi r
archive/VE001/UT001_0019.xml,isolated_dot,ོ.༔,"ད་</hi>འབྲས་བུའི་རྒྱབ་ཤ་ཆོ.༔ <hi rend=""small"">བྱེ་མ་ལ"
archive/VE001/UT001_0019.xml,isolated_dot,འ.ལ,"སུམ་གྱི་<hi rend=""small"">འ.ལ་བ་མདོ་སྡེ་མངོན་པ་</hi>.ོ"
archive/VE001/UT001_0019.xml,isolated_dot,ེ.༔,་དགོངས་པ་མ་ལོན་གཅིག་ཀྱང་མེ.༔ ཁྱད་པར་སེམས་སྡེ་རྩ་གཅིག་
archive/VE001/UT001_0019.xml,isolated_dot,་.ང,"d=""small"">ཟངས་ཡིག་གཡུ་ཡིག་.ང་ཡིག་ལ་སོགས་པ་</hi>མན་ངག་"
archive/VE001/UT001_0019.xml,isolated_dot,ོ.༔,་ལས་དག་སེང་གེ་དབང་ཕྱུག་ཁྱོ.༔ རྒྱུ་ནི་རིན་ཆེན་སྣ་ལྔའི་
archive/VE001/UT001_0019.xml,isolated_dot,ོ.༔,་ལྕགས་ཀྱི་གའུར་གཏིམས་ནས་ཡོ.༔ བསྟན་པའི་བུ་གཅིག་ཞལ་ཐེམས
archive/VE001/UT001_0019.xml,isolated_dot,་.་,དམྱལ་བར་སྐྱེས་པ་གཅིག་འདོན་.་</hi>.ོན་ལ་འགྲོ༔ ཞེས་གསུང
archive/VE001/UT001_0019.xml,isolated_dot,་.་, ས་མ་ཡཱ༔ གུ་རུ་ན་མོ༔ ཨེ་ཀ་.་ན་ར་ཀན༔ཨྠིྀ༔ སུམ་རེ༔ ཚེ་ད
archive/VE001/UT001_0019.xml,isolated_dot,བ.ན,་རྫའི་ར་བར་བསྒོམས་པས༔ ལོ་བ.ན་གྱིས་ཟག་པ་མེད་པར་གྲོལ་ལོ
archive/VE001/UT001_0019.xml,short_head,ི,"<hi rend=""head"">ི</hi>"
archive/VE001/UT001_0019.xml,short_head,ོ,"<hi rend=""head"">ོ</hi>"
archive/VE001/UT001_0019.xml,short_head,ི-,"<hi rend=""head"">ི-</hi>"
archive/VE001/UT001_0019.xml,short_head,ི,"<hi rend=""head"">ི</hi>"
archive/VE001/UT001_0019.xml,short_head,-,"<hi rend=""head"">-</hi>"
archive/VE001/UT001_0019.xml,short_head,ི,"<hi rend=""head"">ི</hi>"
archive/VE001/UT001_0019.xml,short_head,ི,"<hi rend=""head"">ི</hi>"
archive/VE001/UT001_0019.xml,short_head,ི,"<hi rend=""head"">ི</hi>"
archive/VE001/UT001_0019.xml,short_head,༔,"<hi rend=""head"">༔</hi>"
archive/VE001/UT001_0025.xml,isolated_dot,་.ས,"་མཆོད་འོས་རང་བཞིན་གྱི་ཚིག་.ས་ <lb/>གནད་ངེས་པ, <lb/>སང"
archive/VE001/UT001_0025.xml,isolated_dot,བ.ན,"lb/>ཤྲཱི་སིང་ཧའི་གཟེར་བུ་བ.ན་པ,  <lb/>མཁས་པ་བྱེ་མ་ལའི"
archive/VE001/UT001_0026.xml,short_head,་,"<hi rend=""head"">་</hi>"
archive/VE002/UT002_0002.xml,short_head,ེ,"<hi rend=""head"">ེ</hi>"
archive/VE002/UT002_0002.xml,short_head,ི,"<hi rend=""head"">ི</hi>"
archive/VE002/UT002_0002.xml,short_head,ི,"<hi rend=""head"">ི</hi>"
archive/VE002/UT002_0002.xml,short_head,༔,"<hi rend=""head"">༔</hi>"
archive/VE002/UT002_0003.xml,short_head,་,"<hi rend=""head"">་</hi>"
archive/VE002/UT002_0003.xml,short_head,ོ,"<hi rend=""head"">ོ</hi>"
archive/VE002/UT002_0003.xml,short_head,ོ,"<hi rend=""head"">ོ</hi>"
archive/VE002/UT002_0003.xml,short_head,ོ,"<hi rend=""head"">ོ</hi>"
archive/VE002/UT002_0003.xml,short_head,ེ,"<hi rend=""head"">ེ</hi>"
archive/VE002/UT002_0003.xml,short_head,ི,"<hi rend=""head"">ི</hi>"
archive/VE002/UT002_0003.xml,short_head,ོ,"<hi rend=""head"">ོ</hi>"
archive/VE002/UT002_0003.xml,short_head,ས,"<hi rend=""head"">ས</hi>"
archive/VE002/UT002_0003.xml,short_head,ིག,"<hi rend=""head"">ིག</hi>"
archive/VE002/UT002_0003.xml,short_head,བུ,"<hi rend=""head"">བུ</hi>"
archive/VE002/UT002_0003.xml,short_head,ཆུ,"<hi rend=""head"">ཆུ</hi>"
archive/VE002/UT002_0003.xml,short_head,ཐ,"<hi rend=""head"">ཐ</hi>"
archive/VE002/UT002_0003.xml,short_head,ི,"<hi rend=""head"">ི</hi>"
archive/VE002/UT002_0003.xml,short_head,ི,"<hi rend=""head"">ི</hi>"
archive/VE002/UT002_0003.xml,short_head,ི,"<hi rend=""head"">ི</hi>"
archive/VE002/UT002_0003.xml,short_head,ཐ་,"<hi rend=""head"">ཐ་</hi>"
archive/VE002/UT002_0003.xml,short_head,ི,"<hi rend=""head"">ི</hi>"
archive/VE002/UT002_0003.xml,short_head,ི,"<hi rend=""head"">ི</hi>"
archive/VE002/UT002_0003.xml,short_head,ི,"<hi rend=""head"">ི</hi>"
archive/VE002/UT002_0003.xml,short_head,ཐ,"<hi rend=""head"">ཐ</hi>"
archive/VE002/UT002_0003.xml,short_head,ས,"<hi rend=""head"">ས</hi>"
archive/VE002/UT002_0003.xml,short_head,ི,"<hi rend=""head"">ི</hi>"
archive/VE002/UT002_0003.xml,short_head,ཞ,"<hi rend=""head"">ཞ</hi>"
archive/VE002/UT002_0006.xml,short_head,ེ,"<hi rend=""head"">ེ</hi>"
archive/VE002/UT002_0006.xml,short_head,༔,"<hi rend=""head"">༔</hi>"
archive/VE002/UT002_0006.xml,short_head,བྱ,"<hi rend=""head"">བྱ</hi>"
archive/VE002/UT002_0006.xml,short_head,༔,"<hi rend=""head"">༔</hi>"
archive/VE002/UT002_0006.xml,short_head,་,"<hi rend=""head"">་</hi>"
archive/VE002/UT002_0006.xml,short_head,་,"<hi rend=""head"">་</hi>"
archive/VE002/UT002_0006.xml,short_head,ི,"<hi rend=""head"">ི</hi>"
archive/VE002/UT002_0006.xml,short_head,༔ ,"<hi rend=""head"">༔ </hi>"
archive/VE002/UT002_0006.xml,short_head,་,"<hi rend=""head"">་</hi>"
archive/VE002/UT002_0006.xml,short_head,ི,"<hi rend=""head"">ི</hi>"
archive/VE002/UT002_0006.xml,short_head,ི་,"<hi rend=""head"">ི་</hi>"
archive/VE002/UT002_0006.xml,short_head,ི་,"<hi rend=""head"">ི་</hi>"
archive/VE002/UT002_0006.xml,short_head,༔,"<hi rend=""head"">༔</hi>"
archive/VE002/UT002_0006.xml,short_head,དྲ,"<hi rend=""head"">དྲ</hi>"
archive/VE002/UT002_0006.xml,short_head,་,"<hi rend=""head"">་</hi>"
archive/VE002/UT002_0006.xml,short_head,༔,"<hi rend=""head"">༔</hi>"
archive/VE002/UT002_0006.xml,short_head,ི་,"<hi rend=""head"">ི་</hi>"
archive/VE002/UT002_0006.xml,short_head,༔,"<hi rend=""head"">༔</hi>"
archive/VE002/UT002_0006.xml,short_head,༔,"<hi rend=""head"">༔</hi>"
archive/VE002/UT002_0006.xml,short_head,༔,"<hi rend=""head"">༔</hi>"
archive/VE002/UT002_0006.xml,short_head,་,"<hi rend=""head"">་</hi>"
archive/VE002/UT002_0006.xml,short_head,༔,"<hi rend=""head"">༔</hi>"
archive/VE002/UT002_0006.xml,short_head,ི,"<hi rend=""head"">ི</hi>"
archive/VE002/UT002_0006.xml,short_head,ེ་,"<hi rend=""head"">ེ་</hi>"
archive/VE002/UT002_0006.xml,short_head,༔,"<hi rend=""head"">༔</hi>"
archive/VE002/UT002_0006.xml,short_head,༔,"<hi rend=""head"">༔</hi>"
archive/VE002/UT002_0006.xml,short_head,ོ,"<hi rend=""head"">ོ</hi>"
archive/VE002/UT002_0006.xml,short_head,༔,"<hi rend=""head"">༔</hi>"
archive/VE002/UT002_0006.xml,short_head,ེ,"<hi rend=""head"">ེ</hi>"
archive/VE002/UT002_0006.xml,short_head,༔,"<hi rend=""head"">༔</hi>"
archive/VE002/UT002_0006.xml,short_head,༔,"<hi rend=""head"">༔</hi>"
archive/VE002/UT002_0006.xml,short_head,༔,"<hi rend=""head"">༔</hi>"
archive/VE002/UT002_0006.xml,short_head,ོ་,"<hi rend=""head"">ོ་</hi>"
archive/VE002/UT002_0006.xml,short_head,༔,"<hi rend=""head"">༔</hi>"
archive/VE002/UT002_0006.xml,short_head,༔,"<hi rend=""head"">༔</hi>"
archive/VE002/UT002_0006.xml,short_head,༔ ,"<hi rend=""head"">༔ </hi>"
archive/VE002/UT002_0006.xml,short_head,༔,"<hi rend=""head"">༔</hi>"
archive/VE002/UT002_0006.xml,short_head,༔,"<hi rend=""head"">༔</hi>"
archive/VE002/UT002_0006.xml,short_head,༔,"<hi rend=""head"">༔</hi>"
archive/VE002/UT002_0006.xml,short_head,༔,"<hi rend=""head"">༔</hi>"
archive/VE002/UT002_0006.xml,short_head,ོ༔,"<hi rend=""head"">ོ༔</hi>"
archive/VE002/UT002_0006.xml,short_head,༔ ,"<hi rend=""head"">༔ </hi>"
archive/VE002/UT002_0006.xml,short_head,༔ ,"<hi rend=""head"">༔ </hi>"
archive/VE002/UT002_0006.xml,short_head,༔,"<hi rend=""head"">༔</hi>"
archive/VE002/UT002_0006.xml,short_head,ི,"<hi rend=""head"">ི</hi>"
archive/VE002/UT002_0006.xml,short_head,༔,"<hi rend=""head"">༔</hi>"
archive/VE002/UT002_0006.xml,short_head,༔,"<hi rend=""head"">༔</hi>"
archive/VE002/UT002_0006.xml,short_head,༔,"<hi rend=""head"">༔</hi>"
archive/VE002/UT002_0006.xml,short_head,༔,"<hi rend=""head"">༔</hi>"
archive/VE002/UT002_0006.xml,short_head,༔,"<hi rend=""head"">༔</hi>"
archive/VE002/UT002_0006.xml,short_head,༔,"<hi rend=""head"">༔</hi>"
archive/VE002/UT002_0006.xml,short_head,༔ ,"<hi rend=""head"">༔ </hi>"
archive/VE002/UT002_0006.xml,short_head,༔ ,"<hi rend=""head"">༔ </hi>"
archive/VE002/UT002_0006.xml,short_head,༔,"<hi rend=""head"">༔</hi>"
archive/VE002/UT002_0006.xml,short_head,༔ ,"<hi rend=""head"">༔ </hi>"
archive/VE002/UT002_0006.xml,short_head,༔,"<hi rend=""head"">༔</hi>"
archive/VE002/UT002_0006.xml,short_head,ེ,"<hi rend=""head"">ེ</hi>"
archive/VE002/UT002_0006.xml,short_head,༔,"<hi rend=""head"">༔</hi>"
archive/VE002/UT002_0006.xml,short_head,༔,"<hi rend=""head"">༔</hi>"
archive/VE002/UT002_0006.xml,short_head,༔ ,"<hi rend=""head"">༔ </hi>"
archive/VE002/UT002_0006.xml,short_head,༔,"<hi rend=""head"">༔</hi>"
archive/VE002/UT002_0006.xml,short_head,༔,"<hi rend=""head"">༔</hi>"
archive/VE002/UT002_0006.xml,short_head,༔,"<hi rend=""head"">༔</hi>"
archive/VE002/UT002_0006.xml,short_head,༔ ,"<hi rend=""head"">༔ </hi>"
archive/VE002/UT002_0006.xml,short_head,༔,"<hi rend=""head"">༔</hi>"
archive/VE002/UT002_0006.xml,short_head,༔,"<hi rend=""head"">༔</hi>"
archive/VE002/UT002_0006.xml,short_head,༔,"<hi rend=""head"">༔</hi>"
archive/VE002/UT002_0006.xml,short_head,་,"<hi rend=""head"">་</hi>"
archive/VE002/UT002_0006.xml,short_head,ོ་,"<hi rend=""head"">ོ་</hi>"
archive/VE002/UT002_0006.xml,short_head,ི་,"<hi rend=""head"">ི་</hi>"
archive/VE002/UT002_0006.xml,short_head,༔,"<hi rend=""head"">༔</hi>"
archive/VE002/UT002_0006.xml,short_head,༔ ,"<hi rend=""head"">༔ </hi>"
archive/VE002/UT002_0006.xml,short_head,ོ,"<hi rend=""head"">ོ</hi>"
archive/VE002/UT002_0006.xml,short_head,་,"<hi rend=""head"">་</hi>"
archive/VE002/UT002_0006.xml,short_head,༔,"<hi rend=""head"">༔</hi>"
archive/VE002/UT002_0006.xml,short_head,༔,"<hi rend=""head"">༔</hi>"
archive/VE002/UT002_0006.xml,short_head,ེ,"<hi rend=""head"">ེ</hi>"
archive/VE002/UT002_0006.xml,short_head,༔,"<hi rend=""head"">༔</hi>"
archive/VE002/UT002_0006.xml,short_head,༔,"<hi rend=""head"">༔</hi>"
archive/VE002/UT002_0006.xml,short_head,༔,"<hi rend=""head"">༔</hi>"
archive/VE002/UT002_0006.xml,short_head,༔,"<hi rend=""head"">༔</hi>"
archive/VE002/UT002_0006.xml,short_head,༔,"<hi rend=""head"">༔</hi>"
archive/VE002/UT002_0006.xml,short_head,ི,"<hi rend=""head"">ི</hi>"
archive/VE002/UT002_0007.xml,short_head,༔,"<hi rend=""head"">༔</hi>"
archive/VE002/UT002_0007.xml,short_head,ིང,"<hi rend=""head"">ིང</hi>"
archive/VE002/UT002_0007.xml,short_head,ི,"<hi rend=""head"">ི</hi>"
archive/VE002/UT002_0007.xml,short_head,ེ,"<hi rend=""head"">ེ</hi>"
archive/VE002/UT002_0007.xml,short_head,་,"<hi rend=""head"">་</hi>"
archive/VE002/UT002_0010.xml,short_head,ོ,"<hi rend=""head"">ོ</hi>"
archive/VE002/UT002_0010.xml,short_head,ོ,"<hi rend=""head"">ོ</hi>"
archive/VE002/UT002_0010.xml,short_head,ོ,"<hi rend=""head"">ོ</hi>"
archive/VE002/UT002_0011.xml,short_head,༔,"<hi rend=""head"">༔</hi>"
archive/VE002/UT002_0011.xml,short_head,༔,"<hi rend=""head"">༔</hi>"
archive/VE002/UT002_0011.xml,short_head,ེ,"<hi rend=""head"">ེ</hi>"
archive/VE002/UT002_0011.xml,short_head,༔,"<hi rend=""head"">༔</hi>"
archive/VE002/UT002_0011.xml,short_head,༔,"<hi rend=""head"">༔</hi>"
archive/VE002/UT002_0011.xml,short_head,༔,"<hi rend=""head"">༔</hi>"
archive/VE002/UT002_0011.xml,short_head,༔,"<hi rend=""head"">༔</hi>"
archive/VE002/UT002_0011.xml,short_head,༔,"<hi rend=""head"">༔</hi>"
archive/VE002/UT002_0011.xml,short_head,༔,"<hi rend=""head"">༔</hi>"
archive/VE002/UT002_0011.xml,short_head,༔,"<hi rend=""head"">༔</hi>"
archive/VE002/UT002_0011.xml,short_head,༔,"<hi rend=""head"">༔</hi>"
archive/VE002/UT002_0011.xml,short_head,༔,"<hi rend=""head"">༔</hi>"
archive/VE002/UT002_0011.xml,short_head,༔,"<hi rend=""head"">༔</hi>"
archive/VE002/UT002_0011.xml,short_head,༔,"<hi rend=""head"">༔</hi>"
archive/VE002/UT002_0011.xml,short_head,༔,"<hi rend=""head"">༔</hi>"
archive/VE002/UT002_0011.xml,short_head,༔,"<hi rend=""head"">༔</hi>"
archive/VE002/UT002_0011.xml,short_head,་,"<hi rend=""head"">་</hi>"
archive/VE002/UT002_0011.xml,short_head,ོ,"<hi rend=""head"">ོ</hi>"
archive/VE002/UT002_0011.xml,short_head,ི,"<hi rend=""head"">ི</hi>"
archive/VE002/UT002_0011.xml,short_head,ེ,"<hi rend=""head"">ེ</hi>"
archive/VE002/UT002_0011.xml,short_head,ེ,"<hi rend=""head"">ེ</hi>"
archive/VE002/UT002_0011.xml,short_head,ེ,"<hi rend=""head"">ེ</hi>"
archive/VE002/UT002_0011.xml,short_head,ི,"<hi rend=""head"">ི</hi>"
archive/VE002/UT002_0011.xml,short_head,༔,"<hi rend=""head"">༔</hi>"
archive/VE002/UT002_0011.xml,short_head,ེ,"<hi rend=""head"">ེ</hi>"
archive/VE003/UT003_0001.xml,short_head,༔,"<hi rend=""head"">༔</hi>"
archive/VE003/UT003_0001.xml,short_head,༔,"<hi rend=""head"">༔</hi>"
archive/VE003/UT003_0001.xml,short_head,༔,"<hi rend=""head"">༔</hi>"
archive/VE003/UT003_0001.xml,short_head,༔,"<hi rend=""head"">༔</hi>"
archive/VE003/UT003_0001.xml,short_head,༔,"<hi rend=""head"">༔</hi>"
archive/VE003/UT003_0001.xml,short_head,༔,"<hi rend=""head"">༔</hi>"
archive/VE003/UT003_0001.xml,short_head,༔,"<hi rend=""head"">༔</hi>"
archive/VE003/UT003_0001.xml,short_head,༔,"<hi rend=""head"">༔</hi>"
archive/VE003/UT003_0001.xml,short_head,༔,"<hi rend=""head"">༔</hi>"
archive/VE003/UT003_0001.xml,short_head,༔,"<hi rend=""head"">༔</hi>"
archive/VE003/UT003_0001.xml,short_head,ཿ,"<hi rend=""head"">ཿ</hi>"
archive/VE003/UT003_0001.xml,short_head,ས,"<hi rend=""head"">ས</hi>"
archive/VE003/UT003_0001.xml,short_head,ི,"<hi rend=""head"">ི</hi>"
archive/VE003/UT003_0001.xml,short_head,ི,"<hi rend=""head"">ི</hi>"
archive/VE003/UT003_0001.xml,short_head,ོ,"<hi rend=""head"">ོ</hi>"
archive/VE003/UT003_0002.xml,short_head,ོ,"<hi rend=""head"">ོ</hi>"
archive/VE003/UT003_0002.xml,short_head,ེ,"<hi rend=""head"">ེ</hi>"
archive/VE003/UT003_0002.xml,short_head,ོ,"<hi rend=""head"">ོ</hi>"
archive/VE003/UT003_0002.xml,short_head,ག,"<hi rend=""head"">ག</hi>"
archive/VE003/UT003_0002.xml,short_head,ོ,"<hi rend=""head"">ོ</hi>"
archive/VE003/UT003_0002.xml,short_head,ི,"<hi rend=""head"">ི</hi>"
archive/VE003/UT003_0002.xml,short_head,ི,"<hi rend=""head"">ི</hi>"
archive/VE003/UT003_0002.xml,short_head,ི,"<hi rend=""head"">ི</hi>"
archive/VE003/UT003_0002.xml,short_head,ེ,"<hi rend=""head"">ེ</hi>"
archive/VE003/UT003_0002.xml,short_head,ི,"<hi rend=""head"">ི</hi>"
archive/VE003/UT003_0002.xml,short_head,ོ,"<hi rend=""head"">ོ</hi>"
archive/VE003/UT003_0003.xml,short_head,་,"<hi rend=""head"">་</hi>"
archive/VE003/UT003_0004.xml,short_head,ི,"<hi rend=""head"">ི</hi>"
archive/VE003/UT003_0004.xml,short_head,ེ,"<hi rend=""head"">ེ</hi>"
archive/VE003/UT003_0005.xml,short_head,ི,"<hi rend=""head"">ི</hi>"
archive/VE003/UT003_0005.xml,short_head,ི,"<hi rend=""head"">ི</hi>"
archive/VE003/UT003_0005.xml,short_head,དི,"<hi rend=""head"">དི</hi>"
archive/VE003/UT003_0005.xml,short_head,ི,"<hi rend=""head"">ི</hi>"
archive/VE003/UT003_0006.xml,short_head,ལ,"<hi rend=""head"">ལ</hi>"
archive/VE003/UT003_0008.xml,short_head,ས,"<hi rend=""head"">ས</hi>"
archive/VE003/UT003_0010.xml,short_head,ེ,"<hi rend=""head"">ེ</hi>"
archive/VE003/UT003_0011.xml,short_head,་,"<hi rend=""head"">་</hi>"
archive/VE003/UT003_0011.xml,short_head,་,"<hi rend=""head"">་</hi>"
archive/VE003/UT003_0011.xml,short_head,་,"<hi rend=""head"">་</hi>"
archive/VE003/UT003_0013.xml,short_head,ི,"<hi rend=""head"">ི</hi>"
archive/VE003/UT003_0013.xml,short_head,ེ,"<hi rend=""head"">ེ</hi>"
archive/VE003/UT003_0013.xml,short_head,ེ,"<hi rend=""head"">ེ</hi>"
archive/VE003/UT003_0013.xml,short_head,༔ ,"<hi rend=""head"">༔ </hi>"
archive/VE003/UT003_0016.xml,short_head,ི,"<hi rend=""head"">ི</hi>"
archive/VE003/UT003_0018.xml,short_head,ོ,"<hi rend=""head"">ོ</hi>"
archive/VE003/UT003_0018.xml,short_head,༔,"<hi rend=""head"">༔</hi>"
archive/VE003/UT003_0018.xml,short_head,༔,"<hi rend=""head"">༔</hi>"
archive/VE003/UT003_0018.xml,short_head,་,"<hi rend=""head"">་</hi>"
archive/VE003/UT003_0018.xml,short_head,ོ,"<hi rend=""head"">ོ</hi>"
archive/VE003/UT003_0018.xml,short_head,ོ,"<hi rend=""head"">ོ</hi>"
archive/VE003/UT003_0018.xml,short_head,༔,"<hi rend=""head"">༔</hi>"
archive/VE003/UT003_0018.xml,short_head,ེང,"<hi rend=""head"">ེང</hi>"
archive/VE003/UT003_0019.xml,short_head,ས,"<hi rend=""head"">ས</hi>"
archive/VE003/UT003_0021.xml,short_head,ི,"<hi rend=""head"">ི</hi>"
archive/VE003/UT003_0021.xml,short_head,ས,"<hi rend=""head"">ས</hi>"
archive/VE003/UT003_0022.xml,short_head,༈,"<hi rend=""head"">༈</hi>"
archive/VE003/UT003_0022.xml,short_head,ི,"<hi rend=""head"">ི</hi>"
archive/VE003/UT003_0022.xml,short_head,ོ,"<hi rend=""head"">ོ</hi>"
archive/VE003/UT003_0023.xml,short_head,༔,"<hi rend=""head"">༔</hi>"
archive/VE003/UT003_0023.xml,short_head,༔,"<hi rend=""head"">༔</hi>"
archive/VE003/UT003_0023.xml,short_head,ར,"<hi rend=""head"">ར</hi>"
archive/VE003/UT003_0023.xml,short_head,ེ,"<hi rend=""head"">ེ</hi>"
archive/VE003/UT003_0024.xml,short_head,༔,"<hi rend=""head"">༔</hi>"
archive/VE003/UT003_0024.xml,short_head,ེ,"<hi rend=""head"">ེ</hi>"
archive/VE003/UT003_0024.xml,short_head,ེ,"<hi rend=""head"">ེ</hi>"
archive/VE003/UT003_0024.xml,short_head,ོ,"<hi rend=""head"">ོ</hi>"
archive/VE003/UT003_0024.xml,short_head,ི,"<hi rend=""head"">ི</hi>"
archive/VE003/UT003_0024.xml,short_head,ོ,"<hi rend=""head"">ོ</hi>"
archive/VE003/UT003_0025.xml,short_head,ོ,"<hi rend=""head"">ོ</hi>"
archive/VE003/UT003_0025.xml,short_head,ད,"<hi rend=""head"">ད</hi>"
archive/VE003/UT003_0025.xml,short_head,ོ,"<hi rend=""head"">ོ</hi>"
archive/VE003/UT003_0025.xml,short_head,ོ,"<hi rend=""head"">ོ</hi>"
archive/VE003/UT003_0025.xml,short_head,ོ,"<hi rend=""head"">ོ</hi>"
archive/VE003/UT003_0025.xml,short_head,ོ,"<hi rend=""head"">ོ</hi>"
archive/VE003/UT003_0025.xml,short_head,ོ,"<hi rend=""head"">ོ</hi>"
archive/VE003/UT003_0025.xml,short_head,ོ,"<hi rend=""head"">ོ</hi>"
archive/VE003/UT003_0025.xml,short_head,ོ,"<hi rend=""head"">ོ</hi>"
archive/VE003/UT003_0025.xml,short_head,ས,"<hi rend=""head"">ས</hi>"
archive/VE003/UT003_0027.xml,short_head,༔,"<hi rend=""head"">༔</hi>"
archive/VE003/UT003_0027.xml,short_head,་,"<hi rend=""head"">་</hi>"
archive/VE003/UT003_0029.xml,short_head,ོ༔,"<hi rend=""head"">ོ༔</hi>"
archive/VE003/UT003_0029.xml,short_head,༔ ,"<hi rend=""head"">༔ </hi>"
archive/VE003/UT003_0029.xml,short_head,༔,"<hi rend=""head"">༔</hi>"
archive/VE003/UT003_0029.xml,short_head,༔,"<hi rend=""head"">༔</hi>"
archive/VE003/UT003_0029.xml,short_head,༔,"<hi rend=""head"">༔</hi>"
archive/VE003/UT003_0029.xml,short_head,ས་,"<hi rend=""head"">ས་</hi>"
archive/VE003/UT003_0029.xml,short_head,ཁྱ,"<hi rend=""head"">ཁྱ</hi>"
archive/VE003/UT003_0029.xml,short_head,༔,"<hi rend=""head"">༔</hi>"
archive/VE003/UT003_0029.xml,short_head,༔ ,"<hi rend=""head"">༔ </hi>"
archive/VE003/UT003_0029.xml,short_head,༔,"<hi rend=""head"">༔</hi>"
archive/VE003/UT003_0029.xml,short_head,ེ,"<hi rend=""head"">ེ</hi>"
archive/VE003/UT003_0029.xml,short_head,༔,"<hi rend=""head"">༔</hi>"
archive/VE003/UT003_0029.xml,short_head,ེ,"<hi rend=""head"">ེ</hi>"
archive/VE004/UT004_0001.xml,short_head,ི,"<hi rend=""head"">ི</hi>"
archive/VE004/UT004_0001.xml,short_head,་,"<hi rend=""head"">་</hi>"
archive/VE004/UT004_0001.xml,short_head,ེ,"<hi rend=""head"">ེ</hi>"
archive/VE004/UT004_0001.xml,short_head,ཇུ,"<hi rend=""head"">ཇུ</hi>"
archive/VE004/UT004_0002.xml,short_head,ར,"<hi rend=""head"">ར</hi>"
archive/VE004/UT004_0002.xml,short_head,ི,"<hi rend=""head"">ི</hi>"
archive/VE004/UT004_0003.xml,short_head,བྲ,"<hi rend=""head"">བྲ</hi>"
archive/VE004/UT004_0003.xml,short_head,ོ,"<hi rend=""head"">ོ</hi>"
archive/VE004/UT004_0004.xml,short_head,ོ,"<hi rend=""head"">ོ</hi>"
archive/VE004/UT004_0004.xml,short_head,ི,"<hi rend=""head"">ི</hi>"
archive/VE004/UT004_0005.xml,short_head,་,"<hi rend=""head"">་</hi>"
archive/VE004/UT004_0005.xml,short_head,་,"<hi rend=""head"">་</hi>"
archive/VE004/UT004_0005.xml,short_head,ི,"<hi rend=""head"">ི</hi>"
archive/VE004/UT004_0005.xml,short_head,ས,"<hi rend=""head"">ས</hi>"
archive/VE004/UT004_0005.xml,short_head,་,"<hi rend=""head"">་</hi>"
archive/VE004/UT004_0005.xml,short_head,་,"<hi rend=""head"">་</hi>"
archive/VE004/UT004_0005.xml,short_head,ི,"<hi rend=""head"">ི</hi>"
archive/VE004/UT004_0007.xml,short_head,་,"<hi rend=""head"">་</hi>"
archive/VE004/UT004_0007.xml,short_head,ི,"<hi rend=""head"">ི</hi>"
archive/VE004/UT004_0007.xml,short_head,ཡས,"<hi rend=""head"">ཡས</hi>"
archive/VE004/UT004_0008.xml,short_head,ོ,"<hi rend=""head"">ོ</hi>"
archive/VE004/UT004_0008.xml,short_head,་,"<hi rend=""head"">་</hi>"
archive/VE004/UT004_0008.xml,short_head,ི,"<hi rend=""head"">ི</hi>"
archive/VE004/UT004_0008.xml,short_head,ོ,"<hi rend=""head"">ོ</hi>"
archive/VE004/UT004_0008.xml,short_head,མ,"<hi rend=""head"">མ</hi>"
archive/VE004/UT004_0008.xml,short_head,ོ,"<hi rend=""head"">ོ</hi>"
archive/VE004/UT004_0008.xml,short_head,ཞ,"<hi rend=""head"">ཞ</hi>"
archive/VE004/UT004_0008.xml,short_head,ོ,"<hi rend=""head"">ོ</hi>"
archive/VE004/UT004_0008.xml,short_head,ལོ,"<hi rend=""head"">ལོ</hi>"
archive/VE004/UT004_0008.xml,short_head,ད,"<hi rend=""head"">ད</hi>"
archive/VE004/UT004_0008.xml,short_head,ི,"<hi rend=""head"">ི</hi>"
archive/VE004/UT004_0008.xml,short_head,ོ,"<hi rend=""head"">ོ</hi>"
archive/VE004/UT004_0008.xml,short_head,གས,"<hi rend=""head"">གས</hi>"
archive/VE004/UT004_0008.xml,short_head,་,"<hi rend=""head"">་</hi>"
archive/VE004/UT004_0008.xml,short_head,ེ,"<hi rend=""head"">ེ</hi>"
archive/VE004/UT004_0008.xml,short_head,ོ,"<hi rend=""head"">ོ</hi>"
archive/VE004/UT004_0008.xml,short_head,ི་,"<hi rend=""head"">ི་</hi>"
archive/VE004/UT004_0008.xml,short_head,ེ,"<hi rend=""head"">ེ</hi>"
archive/VE004/UT004_0008.xml,short_head,སྡ,"<hi rend=""head"">སྡ</hi>"
archive/VE004/UT004_0008.xml,short_head,ི,"<hi rend=""head"">ི</hi>"
archive/VE004/UT004_0009.xml,short_head,་,"<hi rend=""head"">་</hi>"
archive/VE004/UT004_0009.xml,short_head,་,"<hi rend=""head"">་</hi>"
archive/VE004/UT004_0009.xml,short_head,ིང,"<hi rend=""head"">ིང</hi>"
archive/VE004/UT004_0009.xml,short_head,ེ,"<hi rend=""head"">ེ</hi>"
archive/VE004/UT004_0009.xml,short_head,ི,"<hi rend=""head"">ི</hi>"
archive/VE004/UT004_0009.xml,short_head,ི,"<hi rend=""head"">ི</hi>"
archive/VE004/UT004_0009.xml,short_head,ལྔ,"<hi rend=""head"">ལྔ</hi>"
archive/VE004/UT004_0009.xml,short_head,་,"<hi rend=""head"">་</hi>"
archive/VE004/UT004_0009.xml,short_head,ེ,"<hi rend=""head"">ེ</hi>"
archive/VE004/UT004_0009.xml,short_head,ི,"<hi rend=""head"">ི</hi>"
archive/VE004/UT004_0009.xml,short_head,ེ,"<hi rend=""head"">ེ</hi>"
archive/VE004/UT004_0009.xml,short_head,ེ,"<hi rend=""head"">ེ</hi>"
archive/VE004/UT004_0009.xml,short_head,་,"<hi rend=""head"">་</hi>"
archive/VE004/UT004_0009.xml,short_head,ངེ,"<hi rend=""head"">ངེ</hi>"
archive/VE004/UT004_0009.xml,short_head,ི,"<hi rend=""head"">ི</hi>"
archive/VE004/UT004_0009.xml,short_head,་,"<hi rend=""head"">་</hi>"
archive/VE004/UT004_0009.xml,short_head,་,"<hi rend=""head"">་</hi>"
archive/VE004/UT004_0009.xml,short_head,ི་,"<hi rend=""head"">ི་</hi>"
archive/VE004/UT004_0009.xml,short_head,འི,"<hi rend=""head"">འི</hi>"
archive/VE004/UT004_0009.xml,short_head,ན,"<hi rend=""head"">ན</hi>"
archive/VE004/UT004_0009.xml,short_head,ི,"<hi rend=""head"">ི</hi>"
archive/VE004/UT004_0009.xml,short_head,ེ,"<hi rend=""head"">ེ</hi>"
archive/VE004/UT004_0009.xml,short_head,ི,"<hi rend=""head"">ི</hi>"
archive/VE004/UT004_0009.xml,short_head,ེ,"<hi rend=""head"">ེ</hi>"
archive/VE004/UT004_0009.xml,short_head,ེ,"<hi rend=""head"">ེ</hi>"
archive/VE004/UT004_0009.xml,short_head,ི,"<hi rend=""head"">ི</hi>"
archive/VE004/UT004_0009.xml,short_head,ི,"<hi rend=""head"">ི</hi>"
archive/VE004/UT004_0009.xml,short_head,ི,"<hi rend=""head"">ི</hi>"
archive/VE004/UT004_0009.xml,short_head,ད,"<hi rend=""head"">ད</hi>"
archive/VE004/UT004_0009.xml,short_head,ི,"<hi rend=""head"">ི</hi>"
archive/VE004/UT004_0009.xml,short_head,ཕྱ,"<hi rend=""head"">ཕྱ</hi>"
archive/VE004/UT004_0009.xml,short_head,་,"<hi rend=""head"">་</hi>"
archive/VE004/UT004_0009.xml,short_head,ེ,"<hi rend=""head"">ེ</hi>"
archive/VE004/UT004_0009.xml,short_head,འི,"<hi rend=""head"">འི</hi>"
archive/VE004/UT004_0009.xml,short_head,པ,"<hi rend=""head"">པ</hi>"
archive/VE004/UT004_0009.xml,short_head,ི,"<hi rend=""head"">ི</hi>"
archive/VE004/UT004_0009.xml,short_head,ི,"<hi rend=""head"">ི</hi>"
archive/VE004/UT004_0009.xml,short_head,ི་,"<hi rend=""head"">ི་</hi>"
archive/VE004/UT004_0010.xml,short_head,ི,"<hi rend=""head"">ི</hi>"
archive/VE004/UT004_0010.xml,short_head,ི,"<hi rend=""head"">ི</hi>"
archive/VE004/UT004_0010.xml,short_head,ར,"<hi rend=""head"">ར</hi>"
archive/VE004/UT004_0010.xml,short_head,ི,"<hi rend=""head"">ི</hi>"
archive/VE004/UT004_0010.xml,short_head,ས,"<hi rend=""head"">ས</hi>"
archive/VE004/UT004_0010.xml,short_head,ི་,"<hi rend=""head"">ི་</hi>"
archive/VE004/UT004_0010.xml,short_head,་,"<hi rend=""head"">་</hi>"
archive/VE004/UT004_0011.xml,short_head,་,"<hi rend=""head"">་</hi>"
archive/VE004/UT004_0011.xml,short_head,ར,"<hi rend=""head"">ར</hi>"
archive/VE004/UT004_0011.xml,short_head,ོ,"<hi rend=""head"">ོ</hi>"
archive/VE004/UT004_0011.xml,short_head,ི,"<hi rend=""head"">ི</hi>"
archive/VE004/UT004_0011.xml,short_head,་,"<hi rend=""head"">་</hi>"
archive/VE004/UT004_0011.xml,short_head,ི,"<hi rend=""head"">ི</hi>"
archive/VE004/UT004_0011.xml,short_head,ི,"<hi rend=""head"">ི</hi>"
archive/VE004/UT004_0011.xml,short_head,ི,"<hi rend=""head"">ི</hi>"
archive/VE004/UT004_0011.xml,short_head,ེ,"<hi rend=""head"">ེ</hi>"
archive/VE004/UT004_0011.xml,short_head,ི,"<hi rend=""head"">ི</hi>"
archive/VE004/UT004_0011.xml,short_head,ི,"<hi rend=""head"">ི</hi>"
archive/VE004/UT004_0011.xml,short_head,ོ,"<hi rend=""head"">ོ</hi>"
archive/VE004/UT004_0011.xml,short_head,ས,"<hi rend=""head"">ས</hi>"
archive/VE004/UT004_0011.xml,short_head,་,"<hi rend=""head"">་</hi>"
archive/VE004/UT004_0011.xml,short_head,་,"<hi rend=""head"">་</hi>"
archive/VE004/UT004_0011.xml,short_head,ོ,"<hi rend=""head"">ོ</hi>"
archive/VE004/UT004_0011.xml,short_head,ི་,"<hi rend=""head"">ི་</hi>"
archive/VE004/UT004_0012.xml,short_head,ོ,"<hi rend=""head"">ོ</hi>"
archive/VE004/UT004_0012.xml,short_head,ེ,"<hi rend=""head"">ེ</hi>"
archive/VE004/UT004_0012.xml,short_head,ཿ,"<hi rend=""head"">ཿ</hi>"
archive/VE004/UT004_0012.xml,short_head,མ་,"<hi rend=""head"">མ་</hi>"
archive/VE004/UT004_0013.xml,short_head,ེ་,"<hi rend=""head"">ེ་</hi>"
archive/VE004/UT004_0013.xml,short_head,ི,"<hi rend=""head"">ི</hi>"
archive/VE004/UT004_0013.xml,short_head,ི,"<hi rend=""head"">ི</hi>"
archive/VE004/UT004_0013.xml,short_head,ད,"<hi rend=""head"">ད</hi>"
archive/VE004/UT004_0013.xml,short_head,ོ,"<hi rend=""head"">ོ</hi>"
archive/VE004/UT004_0013.xml,short_head,་,"<hi rend=""head"">་</hi>"
archive/VE004/UT004_0013.xml,short_head,ི,"<hi rend=""head"">ི</hi>"
archive/VE004/UT004_0013.xml,short_head,ས,"<hi rend=""head"">ས</hi>"
archive/VE004/UT004_0013.xml,short_head,ོ,"<hi rend=""head"">ོ</hi>"
archive/VE004/UT004_0013.xml,short_head,ི,"<hi rend=""head"">ི</hi>"
archive/VE004/UT004_0013.xml,short_head,ོ,"<hi rend=""head"">ོ</hi>"
archive/VE004/UT004_0013.xml,short_head,ེ,"<hi rend=""head"">ེ</hi>"
archive/VE004/UT004_0013.xml,short_head,ི,"<hi rend=""head"">ི</hi>"
archive/VE004/UT004_0013.xml,short_head,ི,"<hi rend=""head"">ི</hi>"
archive/VE004/UT004_0013.xml,short_head,ི,"<hi rend=""head"">ི</hi>"
archive/VE004/UT004_0013.xml,short_head,ི,"<hi rend=""head"">ི</hi>"
archive/VE004/UT004_0013.xml,short_head,ི,"<hi rend=""head"">ི</hi>"
archive/VE004/UT004_0013.xml,short_head,་,"<hi rend=""head"">་</hi>"
archive/VE004/UT004_0013.xml,short_head,ི,"<hi rend=""head"">ི</hi>"
archive/VE004/UT004_0013.xml,short_head,ི,"<hi rend=""head"">ི</hi>"
archive/VE004/UT004_0013.xml,short_head,ར,"<hi rend=""head"">ར</hi>"
archive/VE004/UT004_0013.xml,short_head,ས,"<hi rend=""head"">ས</hi>"
archive/VE004/UT004_0013.xml,short_head,ར,"<hi rend=""head"">ར</hi>"
archive/VE004/UT004_0013.xml,short_head,ེ,"<hi rend=""head"">ེ</hi>"
archive/VE004/UT004_0013.xml,short_head,ེ,"<hi rend=""head"">ེ</hi>"
archive/VE004/UT004_0016.xml,short_head,༔,"<hi rend=""head"">༔</hi>"
archive/VE004/UT004_0016.xml,short_head,༈ ,"<hi rend=""head"">༈ </hi>"
archive/VE004/UT004_0017.xml,short_head,༔ ,"<hi rend=""head"">༔ </hi>"
archive/VE004/UT004_0018.xml,short_head,༔ ,"<hi rend=""head"">༔ </hi>"
archive/VE004/UT004_0018.xml,short_head,༔ ,"<hi rend=""head"">༔ </hi>"
archive/VE004/UT004_0018.xml,short_head,༔ ,"<hi rend=""head"">༔ </hi>"
archive/VE004/UT004_0018.xml,short_head,༔,"<hi rend=""head"">༔</hi>"
archive/VE004/UT004_0018.xml,short_head,ོ༔,"<hi rend=""head"">ོ༔</hi>"
archive/VE004/UT004_0018.xml,short_head,༔,"<hi rend=""head"">༔</hi>"
archive/VE004/UT004_0018.xml,short_head,༔ ,"<hi rend=""head"">༔ </hi>"
archive/VE004/UT004_0018.xml,short_head,༔ ,"<hi rend=""head"">༔ </hi>"
archive/VE004/UT004_0018.xml,short_head,༔ ,"<hi rend=""head"">༔ </hi>"
archive/VE004/UT004_0018.xml,short_head,ེ,"<hi rend=""head"">ེ</hi>"
archive/VE004/UT004_0018.xml,short_head,༔,"<hi rend=""head"">༔</hi>"
archive/VE004/UT004_0018.xml,short_head,༔ ,"<hi rend=""head"">༔ </hi>"
archive/VE004/UT004_0018.xml,short_head,༔ ,"<hi rend=""head"">༔ </hi>"
archive/VE004/UT004_0018.xml,short_head,༔ ,"<hi rend=""head"">༔ </hi>"
archive/VE004/UT004_0019.xml,short_head,༔ ,"<hi rend=""head"">༔ </hi>"
archive/VE004/UT004_0019.xml,short_head,༔ ,"<hi rend=""head"">༔ </hi>"
archive/VE004/UT004_0019.xml,short_head,༔ ,"<hi rend=""head"">༔ </hi>"
archive/VE004/UT004_0019.xml,short_head,༔,"<hi rend=""head"">༔</hi>"
archive/VE004/UT004_0019.xml,short_head,༔,"<hi rend=""head"">༔</hi>"
archive/VE004/UT004_0019.xml,short_head,༔,"<hi rend=""head"">༔</hi>"
archive/VE004/UT004_0019.xml,short_head,༔,"<hi rend=""head"">༔</hi>"
archive/VE004/UT004_0019.xml,short_head,༔ ,"<hi rend=""head"">༔ </hi>"
archive/VE004/UT004_0019.xml,short_head,༔,"<hi rend=""head"">༔</hi>"
archive/VE004/UT004_0019.xml,short_head,༔ ,"<hi rend=""head"">༔ </hi>"
archive/VE004/UT004_0027.xml,short_head,་,"<hi rend=""head"">་</hi>"
archive/VE005/UT005_0002.xml,short_head,་,"<hi rend=""head"">་</hi>"
archive/VE005/UT005_0002.xml,short_head,་,"<hi rend=""head"">་</hi>"
archive/VE005/UT005_0002.xml,short_head,་,"<hi rend=""head"">་</hi>"
archive/VE005/UT005_0002.xml,short_head,ེ༔,"<hi rend=""head"">ེ༔</hi>"
archive/VE005/UT005_0002.xml,short_head,ོ,"<hi rend=""head"">ོ</hi>"
archive/VE005/UT005_0002.xml,short_head,ོ,"<hi rend=""head"">ོ</hi>"
archive/VE005/UT005_0004.xml,short_head,ི,"<hi rend=""head"">ི</hi>"
archive/VE005/UT005_0005.xml,short_head,༔ ,"<hi rend=""head"">༔ </hi>"
archive/VE005/UT005_0006.xml,short_head,འི,"<hi rend=""head"">འི</hi>"
archive/VE005/UT005_0006.xml,short_head,ོ,"<hi rend=""head"">ོ</hi>"
archive/VE005/UT005_0008.xml,short_head,ེ,"<hi rend=""head"">ེ</hi>"
archive/VE005/UT005_0008.xml,short_head,༔ ,"<hi rend=""head"">༔ </hi>"
archive/VE005/UT005_0011.xml,short_head,ོ,"<hi rend=""head"">ོ</hi>"
archive/VE005/UT005_0011.xml,short_head,ོ,"<hi rend=""head"">ོ</hi>"
archive/VE005/UT005_0014.xml,short_head,༔,"<hi rend=""head"">༔</hi>"
archive/VE005/UT005_0014.xml,short_head,ེ,"<hi rend=""head"">ེ</hi>"
archive/VE005/UT005_0014.xml,short_head,འ,"<hi rend=""head"">འ</hi>"
archive/VE005/UT005_0014.xml,short_head,སྦ,"<hi rend=""head"">སྦ</hi>"
archive/VE005/UT005_0015.xml,short_head,ེ,"<hi rend=""head"">ེ</hi>"
archive/VE005/UT005_0020.xml,short_head,ི,"<hi rend=""head"">ི</hi>"
archive/VE005/UT005_0025.xml,short_head,༔ ,"<hi rend=""head"">༔ </hi>"
archive/VE005/UT005_0025.xml,short_head,་,"<hi rend=""head"">་</hi>"
archive/VE005/UT005_0025.xml,short_head,ི,"<hi rend=""head"">ི</hi>"
archive/VE005/UT005_0025.xml,short_head,ེར,"<hi rend=""head"">ེར</hi>"
archive/VE005/UT005_0025.xml,short_head,༔ ,"<hi rend=""head"">༔ </hi>"
archive/VE005/UT005_0025.xml,short_head,༔,"<hi rend=""head"">༔</hi>"
archive/VE005/UT005_0026.xml,short_head,ོ,"<hi rend=""head"">ོ</hi>"
archive/VE005/UT005_0026.xml,short_head,ོ,"<hi rend=""head"">ོ</hi>"
archive/VE005/UT005_0026.xml,short_head,༔,"<hi rend=""head"">༔</hi>"
archive/VE005/UT005_0030.xml,short_head,༔,"<hi rend=""head"">༔</hi>"
archive/VE005/UT005_0030.xml,short_head,ལ,"<hi rend=""head"">ལ</hi>"
archive/VE005/UT005_0030.xml,short_head,ེ,"<hi rend=""head"">ེ</hi>"
archive/VE005/UT005_0030.xml,short_head,ི,"<hi rend=""head"">ི</hi>"
archive/VE005/UT005_0030.xml,short_head,ོ་,"<hi rend=""head"">ོ་</hi>"
archive/VE005/UT005_0030.xml,short_head,ི,"<hi rend=""head"">ི</hi>"
archive/VE005/UT005_0030.xml,short_head,ེ,"<hi rend=""head"">ེ</hi>"
archive/VE005/UT005_0032.xml,short_head,༔ ,"<hi rend=""head"">༔ </hi>"
archive/VE005/UT005_0032.xml,short_head,༔,"<hi rend=""head"">༔</hi>"
archive/VE005/UT005_0034.xml,short_head,༈ ,"<hi rend=""head"">༈ </hi>"
archive/VE005/UT005_0036.xml,short_head,ེ,"<hi rend=""head"">ེ</hi>"
archive/VE005/UT005_0039.xml,short_head,་,"<hi rend=""head"">་</hi>"
archive/VE005/UT005_0041.xml,short_head,༔,"<hi rend=""head"">༔</hi>"
archive/VE005/UT005_0041.xml,short_head,ཚྭ,"<hi rend=""head"">ཚྭ</hi>"
archive/VE005/UT005_0041.xml,short_head,ེ,"<hi rend=""head"">ེ</hi>"
archive/VE005/UT005_0041.xml,short_head,ི,"<hi rend=""head"">ི</hi>"
archive/VE005/UT005_0041.xml,short_head,་,"<hi rend=""head"">་</hi>"
archive/VE005/UT005_0046.xml,short_head,་,"<hi rend=""head"">་</hi>"
archive/VE005/UT005_0046.xml,short_head,༔ ,"<hi rend=""head"">༔ </hi>"
archive/VE005/UT005_0046.xml,short_head,ེ,"<hi rend=""head"">ེ</hi>"
archive/VE005/UT005_0046.xml,short_head,་,"<hi rend=""head"">་</hi>"
archive/VE006/UT006_0003.xml,short_head,ོ་,"<hi rend=""head"">ོ་</hi>"
archive/VE006/UT006_0005.xml,short_head,༔,"<hi rend=""head"">༔</hi>"
archive/VE006/UT006_0009.xml,short_head,ི,"<hi rend=""head"">ི</hi>"
archive/VE006/UT006_0014.xml,short_head,ཆོ,"<hi rend=""head"">ཆོ</hi>"
archive/VE006/UT006_0016.xml,short_head,ས,"<hi rend=""head"">ས</hi>"
archive/VE006/UT006_0016.xml,short_head,ི,"<hi rend=""head"">ི</hi>"
archive/VE006/UT006_0016.xml,short_head,ལི,"<hi rend=""head"">ལི</hi>"
archive/VE006/UT006_0016.xml,short_head,ོ,"<hi rend=""head"">ོ</hi>"
archive/VE006/UT006_0017.xml,short_head,ོ,"<hi rend=""head"">ོ</hi>"
archive/VE006/UT006_0019.xml,short_head,ནི,"<hi rend=""head"">ནི</hi>"
archive/VE006/UT006_0019.xml,short_head, ༔,"<hi rend=""head""> ༔</hi>"
archive/VE006/UT006_0023.xml,tsheg_dot_tsheg,་.་,"་བ་ཡོད་དོ༔ ཟས་སུ་ཤ་ཟ༔ {ོམ་.་ཁྲག་འ,ང་༔ ཉིན་རེ་བཞིན་མི་"
archive/VE006/UT006_0023.xml,tsheg_dot_tsheg,་.་,ོད་པ་རྣམས་སེ་གོལ་གྱིས་མ.ན་.་འབྱུང་བ་ཡོད་དེ༔ .ེར་འཁོར་
archive/VE006/UT006_0023.xml,tsheg_dot_tsheg,་.་,བདག་ཅག་དང་ཕྱི་རབས་ཀྱི་དོན་.་གནང་.་གསོལ༔ ཅེས་སོ༔ ཤན་པ་
archive/VE006/UT006_0023.xml,tsheg_dot_tsheg,་.་,་དང་ཕྱི་རབས་ཀྱི་དོན་.་གནང་.་གསོལ༔ ཅེས་སོ༔ ཤན་པ་སྲོག་ས
archive/VE006/UT006_0023.xml,tsheg_dot_tsheg,་.་,་མི་ཡི་སྲོག་གི་སྙིང་༔ }ོན་.་ངེས་པར་བཟླས་པས་བྱུང་༔ ཞེས
archive/VE006/UT006_0023.xml,tsheg_dot_tsheg,་.་,ུབ༔ སྒྲུབ་པའི་ཐབས་དག་བསྟན་.་གསོལ༔ ཅེས་ཞུས་པས༔ གསོད་བྱ
archive/VE006/UT006_0023.xml,tsheg_dot_tsheg,་.་,སྐོར༔ རྐང་གསུམ་དག་གི་སྟེང་.་བཞག༔ .ེ་ལྟར་རྫས་ལ་བརྟེན་ན
archive/VE006/UT006_0023.xml,tsheg_dot_tsheg,་.་,བསྐྱོན༔ བྷ་ལིང་དེ་ཡི་སྟེང་.་གཟུག༔ .ེ་ལྟར་བྱས་ལ་བསྒྲུབ
archive/VE006/UT006_0023.xml,comma_o,",ོ","ྟར་བྲིས་པའི་དལ་སྟེངས་སུ༔ ,ོད་པ་བཅུད་ལས་གྲུབ་སྣོད་དག༔"
archive/VE006/UT006_0023.xml,comma_o,",ོ","ོད་བྱེད་ལྷ་མོ་ནག་མོ་ཡིས༔ ,ོགས་པ་མེད་པར་དགྲ་བསད་བསམ༔ "
archive/VE006/UT006_0023.xml,comma_tibetan,",ང","ོ༔ ཟས་སུ་ཤ་ཟ༔ {ོམ་.་ཁྲག་འ,ང་༔ ཉིན་རེ་བཞིན་མི་བ.ན་བ.ན"
archive/VE006/UT006_0023.xml,comma_tibetan,",་","ཀུན༔ ང་ཡི་རྫུ་འཕྲུལ་ནུས་མ,་ནི༔ འགྲོ་བ་མི་ཡི་སྲོག་གི་"
archive/VE006/UT006_0023.xml,comma_tibetan,",ོ","ྟར་བྲིས་པའི་དལ་སྟེངས་སུ༔ ,ོད་པ་བཅུད་ལས་གྲུབ་སྣོད་དག༔"
archive/VE006/UT006_0023.xml,comma_tibetan,",ོ","ོད་བྱེད་ལྷ་མོ་ནག་མོ་ཡིས༔ ,ོགས་པ་མེད་པར་དགྲ་བསད་བསམ༔ "
archive/VE006/UT006_0023.xml,comma_tibetan,",ན","ང་དཀར་ཉུང་ནག་སྐྱེ་ཤང་.ག༔ ,ན་གྱིས་བྲབ་ཅིང་སྔགས་འདི་བཟ"
archive/VE006/UT006_0023.xml,comma_tibetan,",་","་སོ.༔ ཙ་བམ་བི་རུ་མུ་སོ.༔ ,་ཡ་སོ.༔ རྣིར་ཡ་སོ.༔ རཀྨོ་ཙ"
archive/VE006/UT006_0023.xml,comma_tibetan,",ན","་སོ༔ ཏིང་ངེ་འཛིན་དང་སྔགས་,ན་བསྟན་པའི་ལེའུ་སྟེ་དྲུག་པ"
archive/VE006/UT006_0023.xml,curly_brace,{,"་བྱ་བ་ཡོད་དོ༔ ཟས་སུ་ཤ་ཟ༔ {ོམ་.་ཁྲག་འ,ང་༔ ཉིན་རེ་བཞི"
archive/VE006/UT006_0023.xml,curly_brace,},ོ་བ་མི་ཡི་སྲོག་གི་སྙིང་༔ }ོན་.་ངེས་པར་བཟླས་པས་བྱུང་
archive/VE006/UT006_0023.xml,isolated_dot,་.༔,ུད་བཞུགས༔</hi> རྒྱ་གར་སྐད་.༔ བྷུདྡྷ་རུ་དྷཱཀྐི་ནི༔ མཱ་
archive/VE006/UT006_0023.xml,isolated_dot,་.༔,མཱ་ར་ཡ་ཏན་ཏྲ་ན་མ༔ བོད་སྐད་.༔ མུ་སྟེགས་སྲོག་སྒྲུབ་ནག་མ
archive/VE006/UT006_0023.xml,isolated_dot,་.ས,༔ འདི་སྐད་བདག་གིས་ཐོས་པའི་.ས་གཅིག་ན༔ .ར་ཁྲོད་དྷརྨཱ་ར་
archive/VE006/UT006_0023.xml,isolated_dot,་.ད,རྨཱ་ར་མི་ཞེས་བྱ་བ༔ ཉིན་མོ་.ད་པས་གནམ་ས་འཁྲིགས༔ མཚན་མོ་
archive/VE006/UT006_0023.xml,isolated_dot,་.་,"་བ་ཡོད་དོ༔ ཟས་སུ་ཤ་ཟ༔ {ོམ་.་ཁྲག་འ,ང་༔ ཉིན་རེ་བཞིན་མི་"
archive/VE006/UT006_0023.xml,isolated_dot,བ.ན,"ཁྲག་འ,ང་༔ ཉིན་རེ་བཞིན་མི་བ.ན་བ.ན་གསོད་པ་ཞིག་ཡོད་དེ༔ མ"
archive/VE006/UT006_0023.xml,isolated_dot,བ.ན,"འ,ང་༔ ཉིན་རེ་བཞིན་མི་བ.ན་བ.ན་གསོད་པ་ཞིག་ཡོད་དེ༔ མི་གས"
archive/VE006/UT006_0023.xml,isolated_dot,མ.ན,་གསོད་པ་རྣམས་སེ་གོལ་གྱིས་མ.ན་.་འབྱུང་བ་ཡོད་དེ༔ .ེར་འཁ
archive/VE006/UT006_0023.xml,isolated_dot,་.་,ོད་པ་རྣམས་སེ་གོལ་གྱིས་མ.ན་.་འབྱུང་བ་ཡོད་དེ༔ .ེར་འཁོར་
archive/VE006/UT006_0023.xml,isolated_dot,་.་,བདག་ཅག་དང་ཕྱི་རབས་ཀྱི་དོན་.་གནང་.་གསོལ༔ ཅེས་སོ༔ ཤན་པ་
archive/VE006/UT006_0023.xml,isolated_dot,་.་,་དང་ཕྱི་རབས་ཀྱི་དོན་.་གནང་.་གསོལ༔ ཅེས་སོ༔ ཤན་པ་སྲོག་ས
archive/VE006/UT006_0023.xml,isolated_dot,འ.ས,ྷ་མོས་བཀའ་སྩལ་པ༔ ཉོན་ཅིག་འ.ས་པའི་འཁོར་རྣམས་ཀུན༔ ང་ཡི་
archive/VE006/UT006_0023.xml,isolated_dot,་.་,་མི་ཡི་སྲོག་གི་སྙིང་༔ }ོན་.་ངེས་པར་བཟླས་པས་བྱུང་༔ ཞེས
archive/VE006/UT006_0023.xml,isolated_dot,འ.ས,ས་པས༔ བཀའ་སྩལ་པ༔ ཉོན་ཅིག་འ.ས་པའི་འཁོར་རྣམས་ཀུན༔ དགྲ་བ
archive/VE006/UT006_0023.xml,isolated_dot,་.ར,འདྲ་འམ༔ མོན་ནག་ཁྲོས་འདྲའི་.ར་ཁྲོད་དམ༔ ཤིན་ཏུ་དབེན་པའི
archive/VE006/UT006_0023.xml,isolated_dot,་.༔,༔ ཤིན་ཏུ་དབེན་པའི་གནས་ཉིད་.༔ ཁྲོས་པའི་སེམས་ཀྱིས་བསྒྲུ
archive/VE006/UT006_0023.xml,isolated_dot,་.་,ུབ༔ སྒྲུབ་པའི་ཐབས་དག་བསྟན་.་གསོལ༔ ཅེས་ཞུས་པས༔ གསོད་བྱ
archive/VE006/UT006_0023.xml,isolated_dot,འ.ས,ྷ་མོས་བཀའ་སྩལ་པ༔ ཉོན་ཅིག་འ.ས་པའི་འཁོར་རྣམས་ཀུན༔ .ེ་ལྟ
archive/VE006/UT006_0023.xml,isolated_dot,་.་,སྐོར༔ རྐང་གསུམ་དག་གི་སྟེང་.་བཞག༔ .ེ་ལྟར་རྫས་ལ་བརྟེན་ན
archive/VE006/UT006_0023.xml,isolated_dot,འ.ས,ྷ་མོས་བཀའ་སྩལ་པ༔ ཉོན་ཅིག་འ.ས་པའི་འཁོར་རྣམས་ཀུན༔ .ེ་ལྟ
archive/VE006/UT006_0023.xml,isolated_dot,་.་,བསྐྱོན༔ བྷ་ལིང་དེ་ཡི་སྟེང་.་གཟུག༔ .ེ་ལྟར་བྱས་ལ་བསྒྲུབ
archive/VE006/UT006_0023.xml,isolated_dot,འ.ས,ྷ་མོས་བཀའ་སྩལ་པ༔ ཉོན་ཅིག་འ.ས་པའི་འཁོར་རྣམས་ཀུན༔ ཏིང་འ
archive/VE006/UT006_0023.xml,isolated_dot,ེ.༔, རང་ཉིད་ཡི་དམ་གང་ཡིན་བསྐྱེ.༔ གསོད་བྱེད་ལྷ་མོ་ནག་མོ་ཡི
archive/VE006/UT006_0023.xml,isolated_dot,་.ག,"མ༔ ཉུང་དཀར་ཉུང་ནག་སྐྱེ་ཤང་.ག༔ ,ན་གྱིས་བྲབ་ཅིང་སྔགས་འད"
archive/VE006/UT006_0023.xml,isolated_dot,ོ.༔,ཟླ༔ ཨོཾ་ཁྱི་ཁ་ལེ་ནག་མོས་སོ.༔ སྲོག་མ་ཏི་སོ.༔ སྙིང་ཁ་ཁ་
archive/VE006/UT006_0023.xml,isolated_dot,ོ.༔,ེ་ནག་མོས་སོ.༔ སྲོག་མ་ཏི་སོ.༔ སྙིང་ཁ་ཁ་བཾ༔ ཡ་ཡ་སོ.༔ ཙ་
archive/VE006/UT006_0023.xml,isolated_dot,ོ.༔,"ི་སོ.༔ སྙིང་ཁ་ཁ་བཾ༔ ཡ་ཡ་སོ.༔ ཙ་བམ་བི་རུ་མུ་སོ.༔ ,་ཡ་ས"
archive/VE006/UT006_0023.xml,isolated_dot,ོ.༔," ཡ་ཡ་སོ.༔ ཙ་བམ་བི་རུ་མུ་སོ.༔ ,་ཡ་སོ.༔ རྣིར་ཡ་སོ.༔ རཀྨ"
archive/VE006/UT006_0023.xml,isolated_dot,ོ.༔," ཙ་བམ་བི་རུ་མུ་སོ.༔ ,་ཡ་སོ.༔ རྣིར་ཡ་སོ.༔ རཀྨོ་ཙིཏྟ་ཆེ"
archive/VE006/UT006_0023.xml,isolated_dot,ོ.༔,"མུ་སོ.༔ ,་ཡ་སོ.༔ རྣིར་ཡ་སོ.༔ རཀྨོ་ཙིཏྟ་ཆེ་གེ་མོའི་སྲོ"
archive/VE006/UT006_0023.xml,isolated_dot,ུ.༔,ཙིཏྟ་ཆེ་གེ་མོའི་སྲོག་ལ་རྦུ.༔ སྔགས་འབྲུ་བཞི་བཅུ་ཐམ་པ་ཡ
archive/VE006/UT006_0023.xml,isolated_dot,ོ.༔, སྔགས་འབྲུ་བཞི་བཅུ་ཐམ་པ་ཡོ.༔ ན་རོ་བཅུ་གཅིག་ཡོ.༔ ཀླད་ཀ
archive/VE006/UT006_0023.xml,isolated_dot,ོ.༔,ཐམ་པ་ཡོ.༔ ན་རོ་བཅུ་གཅིག་ཡོ.༔ ཀླད་ཀོར་གསུམ་ཡོ.༔ གི་གུ་
archive/VE006/UT006_0023.xml,isolated_dot,ོ.༔,་གཅིག་ཡོ.༔ ཀླད་ཀོར་གསུམ་ཡོ.༔ གི་གུ་བ.ན་ཡོ.༔ ཡ་ཏ་གཉིས་
archive/VE006/UT006_0023.xml,isolated_dot,བ.ན, ཀླད་ཀོར་གསུམ་ཡོ.༔ གི་གུ་བ.ན་ཡོ.༔ ཡ་ཏ་གཉིས་ཡོ.༔ ར་ཏ་ག
archive/VE006/UT006_0023.xml,isolated_dot,ོ.༔,ཀོར་གསུམ་ཡོ.༔ གི་གུ་བ.ན་ཡོ.༔ ཡ་ཏ་གཉིས་ཡོ.༔ ར་ཏ་གསུམ་ཡ
archive/VE006/UT006_0023.xml,isolated_dot,ོ.༔,གི་གུ་བ.ན་ཡོ.༔ ཡ་ཏ་གཉིས་ཡོ.༔ ར་ཏ་གསུམ་ཡོ.༔ ཞབས་ཀྱུ་གཉ
archive/VE006/UT006_0023.xml,isolated_dot,ོ.༔, ཡ་ཏ་གཉིས་ཡོ.༔ ར་ཏ་གསུམ་ཡོ.༔ ཞབས་ཀྱུ་གཉིས་ཡོ.༔ དག་ཡིག
archive/VE006/UT006_0023.xml,isolated_dot,ོ.༔,་གསུམ་ཡོ.༔ ཞབས་ཀྱུ་གཉིས་ཡོ.༔ དག་ཡིག་ཡོ.༔ དག་ཡིག་ཡིན༔ 
archive/VE006/UT006_0023.xml,isolated_dot,ོ.༔,བས་ཀྱུ་གཉིས་ཡོ.༔ དག་ཡིག་ཡོ.༔ དག་ཡིག་ཡིན༔ ཅེས་པའི་དྲག་
archive/VE006/UT006_0023.xml,isolated_dot,བ.ན,ྐམ་མེ་ལྕེ་འཕྲད་པ་འདྲ༔ ཞག་བ.ན་བཟླས་པས་དགྲ་བོ་ནི༔ སྐད་ཅ
archive/VE006/UT006_0023.xml,isolated_dot,ོ.༔, .ེ་ལ་འགྲུབ་རྟགས་ཇི་ལྟར་ཡོ.༔ གསོད་བྱེད་ལྷ་མོས་བཀའ་སྩལ
archive/VE006/UT006_0023.xml,isolated_dot,བ.ན,ུད་ལས༔ རྟགས་ཀྱི་ལེའུ་སྟེ་བ.ན་པའོ༔ .ེ་ནས་འཁོར་གྱིས་ཡང་
archive/VE006/UT006_0023.xml,isolated_dot,ེ.༔, ཡི་དམ་ལྷ་ཡི་གདིང་ཡང་བསྐྱེ.༔ རྡུགས་ཏེ་གོང་མས་རྟགས་མེད
archive/VE006/UT006_0023.xml,isolated_dot,བ.ན,ཏེ་གོང་མས་རྟགས་མེད་ན༔ ཞག་བ.ན་རྦད་སྔགས་འདི་བཟླ་འོ༔ མ་མ
archive/VE006/UT006_0023.xml,isolated_dot,ོ.༔,གྲུབ་རྟགས་རང་ལ་རང་རྨུག་འདོ.༔ རྡོ་རྒྱགས་མཚན་མ་སྟོན་པ་འ
archive/VE006/UT006_0023.xml,isolated_dot,ེ.༔,འགུམ་པར་འགྱུར་བར་ཐེ་ཚོམ་མེ.༔ ཅེས་བཀའ་སྩལ་ཏོ༔ ལས་མཇུག་
archive/VE006/UT006_0023.xml,isolated_dot,་.༔,ྱ༔ རྡོ་རྗེ་གདན་གྱི་བྱང་ཤར་.༔ དབང་བྱུག་རྟེན་གྱི་ནུབ་ཏུ
archive/VE006/UT006_0023.xml,isolated_dot,་.ར,ྱིས་མི་ཁྱབ་པ་ཐམས་ཅད་ཐལ་མོ་.ར་ཏེ་རྗེས་སུ་ཡི་རངས་ཏེ༔ ལྷ
archive/VE006/UT006_0026.xml,short_head,༔,"<hi rend=""head"">༔</hi>"
archive/VE006/UT006_0028.xml,short_head,ོ,"<hi rend=""head"">ོ</hi>"
archive/VE006/UT006_0028.xml,short_head,ེ,"<hi rend=""head"">ེ</hi>"
archive/VE006/UT006_0028.xml,short_head,ི,"<hi rend=""head"">ི</hi>"
archive/VE006/UT006_0028.xml,short_head,ོ,"<hi rend=""head"">ོ</hi>"
archive/VE006/UT006_0031.xml,short_head,ི,"<hi rend=""head"">ི</hi>"
archive/VE006/UT006_0032.xml,short_head,མ,"<hi rend=""head"">མ</hi>"
archive/VE006/UT006_0033.xml,short_head,་,"<hi rend=""head"">་</hi>"
archive/VE006/UT006_0033.xml,short_head,ེ,"<hi rend=""head"">ེ</hi>"
archive/VE006/UT006_0033.xml,short_head,ེ,"<hi rend=""head"">ེ</hi>"
archive/VE006/UT006_0033.xml,short_head,ས་,"<hi rend=""head"">ས་</hi>"
archive/VE006/UT006_0034.xml,short_head,ི,"<hi rend=""head"">ི</hi>"
archive/VE006/UT006_0034.xml,short_head,༔,"<hi rend=""head"">༔</hi>"
archive/VE006/UT006_0036.xml,short_head,ེ་,"<hi rend=""head"">ེ་</hi>"
archive/VE006/UT006_0036.xml,short_head,རྩ,"<hi rend=""head"">རྩ</hi>"
archive/VE006/UT006_0036.xml,short_head,ེ,"<hi rend=""head"">ེ</hi>"
archive/VE006/UT006_0038.xml,short_head,༔,"<hi rend=""head"">༔</hi>"
archive/VE006/UT006_0047.xml,short_head,་,"<hi rend=""head"">་</hi>"
archive/VE007/UT007_0002.xml,short_head,ས,"<hi rend=""head"">ས</hi>"
archive/VE007/UT007_0002.xml,short_head,ོ,"<hi rend=""head"">ོ</hi>"
archive/VE007/UT007_0005.xml,short_head,ོ,"<hi rend=""head"">ོ</hi>"
archive/VE007/UT007_0005.xml,short_head,ེ,"<hi rend=""head"">ེ</hi>"
archive/VE007/UT007_0005.xml,short_head,ེ,"<hi rend=""head"">ེ</hi>"
archive/VE007/UT007_0005.xml,short_head,ི,"<hi rend=""head"">ི</hi>"
archive/VE007/UT007_0005.xml,short_head,ི,"<hi rend=""head"">ི</hi>"
archive/VE007/UT007_0006.xml,short_head,་,"<hi rend=""head"">་</hi>"
archive/VE007/UT007_0008.xml,short_head,ེ,"<hi rend=""head"">ེ</hi>"
archive/VE007/UT007_0009.xml,short_head,་,"<hi rend=""head"">་</hi>"
archive/VE007/UT007_0011.xml,short_head,ེ,"<hi rend=""head"">ེ</hi>"
archive/VE007/UT007_0011.xml,short_head,ད,"<hi rend=""head"">ད</hi>"
archive/VE007/UT007_0012.xml,short_head,ས,"<hi rend=""head"">ས</hi>"
archive/VE007/UT007_0012.xml,short_head,་,"<hi rend=""head"">་</hi>"
archive/VE007/UT007_0012.xml,short_head,ེ,"<hi rend=""head"">ེ</hi>"
archive/VE007/UT007_0012.xml,short_head,ི,"<hi rend=""head"">ི</hi>"
archive/VE007/UT007_0013.xml,short_head,ིར,"<hi rend=""head"">ིར</hi>"
archive/VE007/UT007_0014.xml,short_head,་,"<hi rend=""head"">་</hi>"
archive/VE007/UT007_0020.xml,short_head,་,"<hi rend=""head"">་</hi>"
archive/VE008/UT008_0001.xml,short_head,ི,"<hi rend=""head"">ི</hi>"
archive/VE008/UT008_0001.xml,short_head,ོན,"<hi rend=""head"">ོན</hi>"
archive/VE008/UT008_0001.xml,short_head,ི,"<hi rend=""head"">ི</hi>"
archive/VE008/UT008_0001.xml,short_head,ེ,"<hi rend=""head"">ེ</hi>"
archive/VE008/UT008_0002.xml,short_head,༔,"<hi rend=""head"">༔</hi>"
archive/VE008/UT008_0002.xml,short_head,༔,"<hi rend=""head"">༔</hi>"
archive/VE008/UT008_0002.xml,short_head,༔,"<hi rend=""head"">༔</hi>"
archive/VE008/UT008_0002.xml,short_head,༔,"<hi rend=""head"">༔</hi>"
archive/VE008/UT008_0002.xml,short_head,ི,"<hi rend=""head"">ི</hi>"
archive/VE008/UT008_0002.xml,short_head,ེ,"<hi rend=""head"">ེ</hi>"
archive/VE008/UT008_0003.xml,short_head, ༈,"<hi rend=""head""> ༈</hi>"
archive/VE008/UT008_0004.xml,short_head, ༈,"<hi rend=""head""> ༈</hi>"
archive/VE008/UT008_0006.xml,short_head, ༈,"<hi rend=""head""> ༈</hi>"
archive/VE008/UT008_0007.xml,short_head, ༈,"<hi rend=""head""> ༈</hi>"
archive/VE008/UT008_0008.xml,short_head, ༈,"<hi rend=""head""> ༈</hi>"
archive/VE008/UT008_0010.xml,short_head, ༈,"<hi rend=""head""> ༈</hi>"
archive/VE008/UT008_0011.xml,short_head, ༈,"<hi rend=""head""> ༈</hi>"
archive/VE008/UT008_0014.xml,short_head, ༈,"<hi rend=""head""> ༈</hi>"
archive/VE008/UT008_0016.xml,short_head, ༈,"<hi rend=""head""> ༈</hi>"
archive/VE008/UT008_0017.xml,short_head,༈,"<hi rend=""head"">༈</hi>"
archive/VE008/UT008_0018.xml,short_head,ི,"<hi rend=""head"">ི</hi>"
archive/VE008/UT008_0018.xml,short_head,ན,"<hi rend=""head"">ན</hi>"
archive/VE008/UT008_0018.xml,short_head,ི,"<hi rend=""head"">ི</hi>"
archive/VE008/UT008_0018.xml,short_head,ི,"<hi rend=""head"">ི</hi>"
archive/VE008/UT008_0018.xml,short_head,ི,"<hi rend=""head"">ི</hi>"
archive/VE008/UT008_0018.xml,short_head,ཞ,"<hi rend=""head"">ཞ</hi>"
archive/VE008/UT008_0018.xml,short_head,ི,"<hi rend=""head"">ི</hi>"
archive/VE008/UT008_0019.xml,short_head,ད,"<hi rend=""head"">ད</hi>"
archive/VE008/UT008_0020.xml,short_head,ེ,"<hi rend=""head"">ེ</hi>"
archive/VE008/UT008_0024.xml,short_head,ེ,"<hi rend=""head"">ེ</hi>"
archive/VE008/UT008_0025.xml,short_head,་,"<hi rend=""head"">་</hi>"
archive/VE008/UT008_0025.xml,short_head,་,"<hi rend=""head"">་</hi>"
archive/VE008/UT008_0026.xml,short_head,་,"<hi rend=""head"">་</hi>"
archive/VE008/UT008_0026.xml,short_head,ེ,"<hi rend=""head"">ེ</hi>"
archive/VE008/UT008_0026.xml,short_head,ཟུ,"<hi rend=""head"">ཟུ</hi>"
archive/VE008/UT008_0027.xml,short_head,་,"<hi rend=""head"">་</hi>"
archive/VE008/UT008_0028.xml,isolated_dot,ོ.།,ས་ཀྱིས་བཞུད་ཅིག་བྱིན་ཟ་ཁྱོ.། །རང་གནས་དགེ་བར་གཤེགས་ནས་
archive/VE008/UT008_0028.xml,isolated_dot,་.ས,བར་གཤེགས་ནས་ཀྱང་། །སླར་ཡང་.ས་བཞིན་ཅི་ནས་བྱོན། །བདག་གི
archive/VE008/UT008_0028.xml,short_head,ེ,"<hi rend=""head"">ེ</hi>"
archive/VE008/UT008_0029.xml,short_head,ེ,"<hi rend=""head"">ེ</hi>"
archive/VE008/UT008_0029.xml,short_head,ོ,"<hi rend=""head"">ོ</hi>"
archive/VE008/UT008_0029.xml,short_head,ཡ,"<hi rend=""head"">ཡ</hi>"
archive/VE008/UT008_0029.xml,short_head,ེ,"<hi rend=""head"">ེ</hi>"
archive/VE008/UT008_0029.xml,short_head,ི,"<hi rend=""head"">ི</hi>"
archive/VE008/UT008_0029.xml,short_head,ོ,"<hi rend=""head"">ོ</hi>"
archive/VE008/UT008_0031.xml,short_head,་,"<hi rend=""head"">་</hi>"
archive/VE008/UT008_0034.xml,short_head,༔ ,"<hi rend=""head"">༔ </hi>"
archive/VE008/UT008_0034.xml,short_head,བྱ,"<hi rend=""head"">བྱ</hi>"
archive/VE008/UT008_0034.xml,short_head,ཝཱ,"<hi rend=""head"">ཝཱ</hi>"
archive/VE008/UT008_0034.xml,short_head,་,"<hi rend=""head"">་</hi>"
archive/VE008/UT008_0034.xml,short_head,༔,"<hi rend=""head"">༔</hi>"
archive/VE008/UT008_0034.xml,short_head,༔,"<hi rend=""head"">༔</hi>"
archive/VE008/UT008_0034.xml,short_head,་,"<hi rend=""head"">་</hi>"
archive/VE008/UT008_0034.xml,short_head,༔,"<hi rend=""head"">༔</hi>"
archive/VE008/UT008_0038.xml,short_head,ས,"<hi rend=""head"">ས</hi>"
archive/VE008/UT008_0039.xml,short_head,་,"<hi rend=""head"">་</hi>"
archive/VE008/UT008_0041.xml,short_head,༔,"<hi rend=""head"">༔</hi>"
archive/VE008/UT008_0041.xml,short_head,༔,"<hi rend=""head"">༔</hi>"
archive/VE008/UT008_0041.xml,short_head,༔,"<hi rend=""head"">༔</hi>"
archive/VE008/UT008_0042.xml,short_head,ི,"<hi rend=""head"">ི</hi>"
archive/VE008/UT008_0043.xml,short_head,ེ,"<hi rend=""head"">ེ</hi>"
archive/VE008/UT008_0043.xml,short_head,ི,"<hi rend=""head"">ི</hi>"
archive/VE008/UT008_0043.xml,short_head,ི,"<hi rend=""head"">ི</hi>"
archive/VE008/UT008_0051.xml,short_head,་,"<hi rend=""head"">་</hi>"
archive/VE009/UT009_0003.xml,short_head,་,"<hi rend=""head"">་</hi>"
archive/VE009/UT009_0004.xml,short_head,་,"<hi rend=""head"">་</hi>"
archive/VE009/UT009_0005.xml,short_head,་,"<hi rend=""head"">་</hi>"
archive/VE009/UT009_0007.xml,short_head,ི,"<hi rend=""head"">ི</hi>"
archive/VE009/UT009_0012.xml,short_head,་,"<hi rend=""head"">་</hi>"
archive/VE009/UT009_0012.xml,short_head,ི,"<hi rend=""head"">ི</hi>"
archive/VE009/UT009_0012.xml,short_head,ོ,"<hi rend=""head"">ོ</hi>"
archive/VE009/UT009_0012.xml,short_head,ེ,"<hi rend=""head"">ེ</hi>"
archive/VE009/UT009_0012.xml,short_head,ི,"<hi rend=""head"">ི</hi>"
archive/VE009/UT009_0012.xml,short_head,ི,"<hi rend=""head"">ི</hi>"
archive/VE009/UT009_0017.xml,short_head,ར་,"<hi rend=""head"">ར་</hi>"
archive/VE009/UT009_0017.xml,short_head,ོ,"<hi rend=""head"">ོ</hi>"
archive/VE009/UT009_0019.xml,short_head,ོ,"<hi rend=""head"">ོ</hi>"
archive/VE009/UT009_0021.xml,short_head,་,"<hi rend=""head"">་</hi>"
archive/VE009/UT009_0021.xml,short_head,་,"<hi rend=""head"">་</hi>"
archive/VE009/UT009_0021.xml,short_head,ེ,"<hi rend=""head"">ེ</hi>"
archive/VE009/UT009_0021.xml,short_head,་,"<hi rend=""head"">་</hi>"
archive/VE009/UT009_0021.xml,short_head,་,"<hi rend=""head"">་</hi>"
archive/VE009/UT009_0030.xml,short_head,་,"<hi rend=""head"">་</hi>"
archive/VE010/UT010_0001.xml,short_head,ི,"<hi rend=""head"">ི</hi>"
archive/VE010/UT010_0012.xml,isolated_dot,བ.ན,"""small"">ཀླའདིའི་བར་རྐང་པ་བ.ན་ཨ་འཛམ་པར་མར་མི་བཞུགས་པས་"
archive/VE010/UT010_0012.xml,isolated_dot,ོ.བ,འཛམ་པར་མར་མི་བཞུགས་པས་དཔྱོ.བླ</hi>།འཕོ་དང་འགྱུར་བ་མེད
archive/VE010/UT010_0037.xml,curly_brace,{,">ཨ<hi rend=""small"">ཤ</hi>{ར་གྲོལ<hi rend=""small"">ཇ<"
archive/VE010/UT010_0043.xml,short_head,་,"<hi rend=""head"">་</hi>"
archive/VE011/UT011_0001.xml,short_head,དང,"<hi rend=""head"">དང</hi>"
archive/VE011/UT011_0001.xml,short_head,ི,"<hi rend=""head"">ི</hi>"
archive/VE011/UT011_0001.xml,short_head,་,"<hi rend=""head"">་</hi>"
archive/VE011/UT011_0001.xml,short_head,ལྡ,"<hi rend=""head"">ལྡ</hi>"
archive/VE011/UT011_0002.xml,short_head,ེ,"<hi rend=""head"">ེ</hi>"
archive/VE011/UT011_0003.xml,short_head,་,"<hi rend=""head"">་</hi>"
archive/VE011/UT011_0003.xml,short_head,ྃ,"<hi rend=""head"">ྃ</hi>"
archive/VE011/UT011_0003.xml,short_head,ེ,"<hi rend=""head"">ེ</hi>"
archive/VE011/UT011_0003.xml,short_head,་,"<hi rend=""head"">་</hi>"
archive/VE011/UT011_0003.xml,short_head,ོ,"<hi rend=""head"">ོ</hi>"
archive/VE011/UT011_0004.xml,short_head,་,"<hi rend=""head"">་</hi>"
archive/VE011/UT011_0005.xml,short_head,་,"<hi rend=""head"">་</hi>"
archive/VE011/UT011_0005.xml,short_head,ོ ,"<hi rend=""head"">ོ </hi>"
archive/VE011/UT011_0005.xml,short_head,ི་,"<hi rend=""head"">ི་</hi>"
archive/VE011/UT011_0005.xml,short_head,ི,"<hi rend=""head"">ི</hi>"
archive/VE011/UT011_0006.xml,isolated_dot,ི.།,"ོན་འགྲོ་རིན་པོ་ཆེའི་པྲ་ཁྲི.། </hi> <lb/><hi rend=""hea"
archive/VE011/UT011_0006.xml,short_head,༈,"<hi rend=""head"">༈</hi>"
archive/VE011/UT011_0006.xml,short_head,ེ,"<hi rend=""head"">ེ</hi>"
archive/VE011/UT011_0007.xml,short_head,ི,"<hi rend=""head"">ི</hi>"
archive/VE011/UT011_0007.xml,short_head,ས,"<hi rend=""head"">ས</hi>"
archive/VE011/UT011_0007.xml,short_head,ི,"<hi rend=""head"">ི</hi>"
archive/VE011/UT011_0007.xml,short_head,ེ,"<hi rend=""head"">ེ</hi>"
archive/VE011/UT011_0007.xml,short_head,ེ,"<hi rend=""head"">ེ</hi>"
archive/VE011/UT011_0007.xml,short_head,ེ,"<hi rend=""head"">ེ</hi>"
archive/VE011/UT011_0007.xml,short_head,ཇུ,"<hi rend=""head"">ཇུ</hi>"
archive/VE011/UT011_0007.xml,short_head,ཐ,"<hi rend=""head"">ཐ</hi>"
archive/VE011/UT011_0007.xml,short_head,་,"<hi rend=""head"">་</hi>"
archive/VE011/UT011_0007.xml,short_head,བླ,"<hi rend=""head"">བླ</hi>"
archive/VE011/UT011_0008.xml,short_head,ེ,"<hi rend=""head"">ེ</hi>"
archive/VE011/UT011_0008.xml,short_head,ེ,"<hi rend=""head"">ེ</hi>"
archive/VE011/UT011_0009.xml,short_head,བོ,"<hi rend=""head"">བོ</hi>"
archive/VE011/UT011_0009.xml,short_head,དྲ,"<hi rend=""head"">དྲ</hi>"
archive/VE011/UT011_0010.xml,short_head,ི,"<hi rend=""head"">ི</hi>"
archive/VE011/UT011_0010.xml,short_head,ི,"<hi rend=""head"">ི</hi>"
archive/VE011/UT011_0010.xml,short_head,ི,"<hi rend=""head"">ི</hi>"
archive/VE011/UT011_0010.xml,short_head,ི,"<hi rend=""head"">ི</hi>"
archive/VE011/UT011_0010.xml,short_head,ི,"<hi rend=""head"">ི</hi>"
archive/VE011/UT011_0010.xml,short_head,ཐ་,"<hi rend=""head"">ཐ་</hi>"
archive/VE011/UT011_0010.xml,short_head,ི,"<hi rend=""head"">ི</hi>"
archive/VE011/UT011_0010.xml,short_head,ཆ,"<hi rend=""head"">ཆ</hi>"
archive/VE011/UT011_0010.xml,short_head,ི,"<hi rend=""head"">ི</hi>"
archive/VE011/UT011_0010.xml,short_head,ི,"<hi rend=""head"">ི</hi>"
archive/VE011/UT011_0017.xml,short_head,་,"<hi rend=""head"">་</hi>"
archive/VE011/UT011_0019.xml,short_head,ོ,"<hi rend=""head"">ོ</hi>"
archive/VE011/UT011_0019.xml,short_head,་,"<hi rend=""head"">་</hi>"
archive/VE011/UT011_0019.xml,short_head,ང,"<hi rend=""head"">ང</hi>"
archive/VE011/UT011_0019.xml,short_head,་,"<hi rend=""head"">་</hi>"
archive/VE011/UT011_0019.xml,short_head,སྦ,"<hi rend=""head"">སྦ</hi>"
archive/VE011/UT011_0020.xml,short_head,འི,"<hi rend=""head"">འི</hi>"
archive/VE011/UT011_0021.xml,short_head,བ,"<hi rend=""head"">བ</hi>"
archive/VE011/UT011_0021.xml,short_head,ལ,"<hi rend=""head"">ལ</hi>"
archive/VE011/UT011_0021.xml,short_head,ི,"<hi rend=""head"">ི</hi>"
archive/VE011/UT011_0023.xml,short_head,བླ,"<hi rend=""head"">བླ</hi>"
archive/VE011/UT011_0026.xml,short_head,་,"<hi rend=""head"">་</hi>"
archive/VE011/UT011_0027.xml,short_head,ས,"<hi rend=""head"">ས</hi>"
archive/VE011/UT011_0029.xml,short_head,ཕ,"<hi rend=""head"">ཕ</hi>"
archive/VE011/UT011_0032.xml,short_head,སྦ,"<hi rend=""head"">སྦ</hi>"
archive/VE011/UT011_0035.xml,short_head,ིན,"<hi rend=""head"">ིན</hi>"
archive/VE011/UT011_0035.xml,short_head,ེ,"<hi rend=""head"">ེ</hi>"
archive/VE011/UT011_0035.xml,short_head,ཇེ,"<hi rend=""head"">ཇེ</hi>"
archive/VE011/UT011_0036.xml,short_head,འ,"<hi rend=""head"">འ</hi>"
archive/VE011/UT011_0036.xml,short_head,མུ,"<hi rend=""head"">མུ</hi>"
archive/VE011/UT011_0036.xml,short_head,ེ་,"<hi rend=""head"">ེ་</hi>"
archive/VE011/UT011_0036.xml,short_head,ཾ,"<hi rend=""head"">ཾ</hi>"
archive/VE011/UT011_0036.xml,short_head,ེ,"<hi rend=""head"">ེ</hi>"
archive/VE011/UT011_0036.xml,short_head,ཾ,"<hi rend=""head"">ཾ</hi>"
archive/VE011/UT011_0036.xml,short_head,ཾ,"<hi rend=""head"">ཾ</hi>"
archive/VE011/UT011_0036.xml,short_head,ཾ,"<hi rend=""head"">ཾ</hi>"
archive/VE011/UT011_0038.xml,short_head,སྔ,"<hi rend=""head"">སྔ</hi>"
archive/VE011/UT011_0038.xml,short_head,ི,"<hi rend=""head"">ི</hi>"
archive/VE011/UT011_0038.xml,short_head,ི,"<hi rend=""head"">ི</hi>"
archive/VE011/UT011_0044.xml,short_head,་,"<hi rend=""head"">་</hi>"
archive/VE012/UT012_0001.xml,short_head,ི,"<hi rend=""head"">ི</hi>"
archive/VE012/UT012_0001.xml,short_head,འ,"<hi rend=""head"">འ</hi>"
archive/VE012/UT012_0003.xml,comma_o,",ོ","ིད་རྒྱབ་ཆོས་རྣམ་བཞི་ལས། །,ོག་མར་སྔོན་འགྲོ་ངེས་པའི་ཆོ"
archive/VE012/UT012_0003.xml,comma_tibetan,",ོ","ིད་རྒྱབ་ཆོས་རྣམ་བཞི་ལས། །,ོག་མར་སྔོན་འགྲོ་ངེས་པའི་ཆོ"
archive/VE012/UT012_0003.xml,comma_tibetan,",ེ","་དོན་གྱི་སྙིང་པོར་བཀོ.། །,ེག་པའི་ཡང་ཞུན་བཏུས་པ་ཨེ་མ་"
archive/VE012/UT012_0003.xml,comma_tibetan,",ེ","པར་སྦྱངས་པའི་བློ་མིག་ཅན། ,ེག་པ་རྒྱལ་པོའི་རྣལ་འབྱོར་པ"
archive/VE012/UT012_0003.xml,curly_brace,},ྙིང་པོ་དོན་གྱི་མན་ངག་ལ། །}ོན་འགྲོ་དབང་ཁྲིད་རྒྱབ་ཆོས
archive/VE012/UT012_0003.xml,isolated_dot,ེ.།,ོང་རྡོ་རྗེའི་སྐུར་སྨིན་བྱེ.། །.ེ་ཡི་གནད་ཡིག་མིང་གི་རི
archive/VE012/UT012_0003.xml,isolated_dot,།.ེ,ྡོ་རྗེའི་སྐུར་སྨིན་བྱེ.། །.ེ་ཡི་གནད་ཡིག་མིང་གི་རིགས་བ
archive/VE012/UT012_0003.xml,isolated_dot,ེ.།,ོང་རྡོ་རྗེའི་གསུང་སྨིན་བྱེ.། །.ེ་ཡི་གནད་ཡིག་བུམ་པའི་བ
archive/VE012/UT012_0003.xml,isolated_dot,།.ེ,ྡོ་རྗེའི་གསུང་སྨིན་བྱེ.། །.ེ་ཡི་གནད་ཡིག་བུམ་པའི་བརྡ་ད
archive/VE012/UT012_0003.xml,isolated_dot,།.ོ,ིག་བུམ་པའི་བརྡ་དོན་གྱིས། །.ོན་གྱི་སྙིང་པོ་གདོད་མའི་གཞ
archive/VE012/UT012_0003.xml,isolated_dot,ེ.།,ང་པོ་གདོད་མའི་གཞི་མཚོན་བྱེ.། །ཤིན་ཏུ་སྤྲོས་མེད་ཡེ་ཤེས
archive/VE012/UT012_0003.xml,isolated_dot,ེ.།,ོང་རྡོ་རྗེའི་ཐུགས་སྨིན་བྱེ.། ། རབ་ཏུ་སྤྲོས་མེད་བྱིན་ར
archive/VE012/UT012_0003.xml,isolated_dot,ེ.།,རྣམ་དག་འོད་གསལ་མངོན་དུ་བྱེ.། །.ེ་དག་ཡན་ལག་དམ་ཚིག་གསུམ
archive/VE012/UT012_0003.xml,isolated_dot,།.ེ,དག་འོད་གསལ་མངོན་དུ་བྱེ.། །.ེ་དག་ཡན་ལག་དམ་ཚིག་གསུམ་བཀོ
archive/VE012/UT012_0003.xml,isolated_dot,ེ.།,དུལ་བ་སྤང་བླང་མཚམས་ཤེས་བྱེ.། །.ེ་ལྟར་སྨིན་བྱེད་དབང་གི
archive/VE012/UT012_0003.xml,isolated_dot,།.ེ,བ་སྤང་བླང་མཚམས་ཤེས་བྱེ.། །.ེ་ལྟར་སྨིན་བྱེད་དབང་གི་ཆོས
archive/VE012/UT012_0003.xml,isolated_dot,།.ེ,་པོར་མེད་པའི་ཐབས་མེད་པས། །.ེ་ཡི་གནད་དུ་འདི་ཀུན་ཚང་བར་
archive/VE012/UT012_0003.xml,isolated_dot,།.ེ,བྱོར་མཆོག་ཏུ་གསང་བ་བསྟན། །.ེ་ལྟར་གྲོལ་བྱེད་ཁྲིད་ཀྱི་ཆ
archive/VE012/UT012_0003.xml,isolated_dot,།.ོ,ོས་དགོངས་པའི་ལ་བཟླ་བསྟན། །.ོན་གྱི་སྙིང་པོས་དགོངས་པའི་
archive/VE012/UT012_0003.xml,isolated_dot,།.ེ,ངས་ཇི་ལྟར་གདམས་ཚུལ་བསྟན། །.ེ་ལྟར་རྒྱབ་ཆོས་རྣམ་གྲངས་བཅ
archive/VE012/UT012_0003.xml,isolated_dot,།.ེ,རྒྱབ་ཆོས་ངོ་མཚར་ཨེ་མ་ཧོ། །.ེ་དག་ཀུན་གྱི་དཔེ་བརྒྱུད་ངེ
archive/VE012/UT012_0003.xml,isolated_dot,ོ.།,་ངེས་པས་ཡང་ཟབ་སྙིང་པོར་བཀོ.། །བཤད་དཔེའི་དོན་བརྒྱུད་ངོ
archive/VE012/UT012_0003.xml,isolated_dot,།.ེ,ྱུད་པའི་གསོལ་འདེབས་བསྟན། །.ེ་ཕྱིར་སྔོན་འགྲོ་ངེས་པའི་ཆ
archive/VE012/UT012_0003.xml,isolated_dot,།.ེ,་བའི་ལམ་ཁྲིད་ཆེན་མོས་ཏེ། །.ེ་ཕྱིན་གྲོལ་བའི་གདམས་ཁྲིད་
archive/VE012/UT012_0003.xml,isolated_dot,།.ེ,ིད་གསལ་བ་ངོ་མཚར་ཨེ་མ་ཧོ། །.ེ་དག་ཀུན་གྱི་རྒྱབ་ཆོས་རིམ་
archive/VE012/UT012_0003.xml,isolated_dot,།.ོ,རང་གནས་ཐེ་ཚོམ་བྲལ་བ་ཡིན། །.ོན་གྱི་མེ་ལོང་བར་དོའི་རང་ག
archive/VE012/UT012_0003.xml,isolated_dot,།.ེ,ེའི་དགོངས་དོན་གསལ་བ་ཡིན། །.ེ་ལྟར་རྒྱབ་ཆོས་དོན་གྱི་གནས
archive/VE012/UT012_0003.xml,isolated_dot,ོ.།,ྙིང་པོའི་མན་ངག་ཐེམས་སུ་བཀོ.། །གཞན་ལས་ཁྱད་འཕགས་སྙན་བརྒ
archive/VE012/UT012_0003.xml,isolated_dot,།.ེ,འཕགས་སྙན་བརྒྱུད་ཨེ་མ་ཧོ། །.ེ་དག་ཀུན་གྱི་ཟབ་ཆོས་སྲུང་མ
archive/VE012/UT012_0003.xml,isolated_dot,།.ེ,ལ་སྒྲུབ་པའི་ཟབ་རྒྱ་བསྟན། །.ེ་ཡི་ཆ་ལག་དངོས་གྲུབ་ཆར་འབེ
archive/VE012/UT012_0003.xml,isolated_dot,ོ.།,་ལག་དངོས་གྲུབ་ཆར་འབེབས་བཀོ.། །བར་ཆད་སེལ་ཞིང་འདོད་དགུ་
archive/VE012/UT012_0003.xml,isolated_dot,།.ེ,ག་དམ་ཅན་སྒྲུབ་པ་ཨེ་མ་ཧོ། །.ེ་ལྟར་བཤད་རྒྱུད་ཆོས་སྡེ་སུ
archive/VE012/UT012_0003.xml,isolated_dot,ོ.།,"ངེས་པ་དོན་གྱི་སྙིང་པོར་བཀོ.། །,ེག་པའི་ཡང་ཞུན་བཏུས་པ་ཨ"
archive/VE012/UT012_0003.xml,isolated_dot,།.ེ,་དམ་ངེས་པའི་འཁོར་ལོ་མཆོག །.ེ་ལས་གསང་ཆེན་རྡོ་རྗེ་ཐེག་པ
archive/VE012/UT012_0003.xml,isolated_dot,།.ོ,ང་གསང་བ་བླ་ན་མེད་བཞི་ལས། །.ོན་གྱི་སྙིང་པོ་གཅིག་བསྡུས་
archive/VE012/UT012_0003.xml,isolated_dot,ུ.།,ན་བརྒྱུད་དོན་གྱི་ཡང་ཟབ་བཅུ.། །མ་ལུས་ཀུན་བསྡུས་འདིར་གཅ
archive/VE012/UT012_0003.xml,isolated_dot,ེ.།,་བྱང་ཆུབ་ཆོས་སྐུ་རང་ལས་རྙེ.། །རྡོས་བཅས་ལུས་ལ་རྒྱལ་བའི
archive/VE012/UT012_0003.xml,isolated_dot,།.ོ,་རྒྱལ་བའི་དགོངས་པ་རྫོགས། །.ོན་དམ་ནམ་མཁའ་འདྲ་བའི་ཆོས་ཀ
archive/VE012/UT012_0003.xml,isolated_dot,།.ེ,་དུ་དེང་སང་དངོས་སུ་བྱོན། །.ེ་དང་བདག་མཇལ་འདི་འདྲའི་ཟབ་
archive/VE012/UT012_0003.xml,isolated_dot,ེ.།,་མེད་སྙིང་ནས་མོས་གུས་བསྐྱེ.། །.ེ་ཡི་དབང་གིས་བྱིན་རླབས
archive/VE012/UT012_0003.xml,isolated_dot,།.ེ,་སྙིང་ནས་མོས་གུས་བསྐྱེ.། །.ེ་ཡི་དབང་གིས་བྱིན་རླབས་རྒྱ
archive/VE012/UT012_0003.xml,isolated_dot,ེ.།,་གིས་བྱིན་རླབས་རྒྱུན་ཆད་མེ.། །ལྟ་དགོངས་ཏིང་འཛིན་རྟོགས
archive/VE012/UT012_0003.xml,isolated_dot,ོ.།,འདི་ལ་རྟག་ཏུ་གཅེས་སྤྲས་མཛོ.། ཁོ་བོའི་ཉམས་ལེན་སྙིང་གི་
archive/VE012/UT012_0003.xml,isolated_dot,ོ.།,་བྱིན་ལ་དར་ཞིང་རྒྱས་པར་མཛོ.། །བརྒྱུད་གསུམ་བླ་མ་རྣམས་ཀ
archive/VE012/UT012_0004.xml,short_head,ི,"<hi rend=""head"">ི</hi>"
archive/VE012/UT012_0007.xml,short_head,ོ,"<hi rend=""head"">ོ</hi>"
archive/VE012/UT012_0008.xml,short_head,་,"<hi rend=""head"">་</hi>"
archive/VE012/UT012_0008.xml,short_head,་,"<hi rend=""head"">་</hi>"
archive/VE012/UT012_0008.xml,short_head,་,"<hi rend=""head"">་</hi>"
archive/VE012/UT012_0009.xml,short_head,ི,"<hi rend=""head"">ི</hi>"
archive/VE012/UT012_0009.xml,short_head,ི,"<hi rend=""head"">ི</hi>"
archive/VE012/UT012_0009.xml,short_head,ོ,"<hi rend=""head"">ོ</hi>"
archive/VE012/UT012_0009.xml,short_head,ཁྱ,"<hi rend=""head"">ཁྱ</hi>"
archive/VE012/UT012_0009.xml,short_head,ོ ,"<hi rend=""head"">ོ </hi>"
archive/VE012/UT012_0011.xml,short_head,ད,"<hi rend=""head"">ད</hi>"
archive/VE012/UT012_0011.xml,short_head,འི,"<hi rend=""head"">འི</hi>"
archive/VE012/UT012_0011.xml,short_head,ེ,"<hi rend=""head"">ེ</hi>"
archive/VE012/UT012_0011.xml,short_head,ོ,"<hi rend=""head"">ོ</hi>"
archive/VE012/UT012_0011.xml,short_head,ེ,"<hi rend=""head"">ེ</hi>"
archive/VE012/UT012_0011.xml,short_head,ི,"<hi rend=""head"">ི</hi>"
archive/VE012/UT012_0011.xml,short_head,ཁུ,"<hi rend=""head"">ཁུ</hi>"
archive/VE012/UT012_0011.xml,short_head,ེ,"<hi rend=""head"">ེ</hi>"
archive/VE012/UT012_0011.xml,short_head,ེ,"<hi rend=""head"">ེ</hi>"
archive/VE012/UT012_0011.xml,short_head,ི,"<hi rend=""head"">ི</hi>"
archive/VE012/UT012_0011.xml,short_head,ོ,"<hi rend=""head"">ོ</hi>"
archive/VE012/UT012_0011.xml,short_head,ས,"<hi rend=""head"">ས</hi>"
archive/VE012/UT012_0011.xml,short_head,ི,"<hi rend=""head"">ི</hi>"
archive/VE012/UT012_0011.xml,short_head,ོ ,"<hi rend=""head"">ོ </hi>"
archive/VE012/UT012_0012.xml,short_head,ེ,"<hi rend=""head"">ེ</hi>"
archive/VE012/UT012_0012.xml,short_head,ི,"<hi rend=""head"">ི</hi>"
archive/VE012/UT012_0012.xml,short_head,་,"<hi rend=""head"">་</hi>"
archive/VE012/UT012_0012.xml,short_head,ེ,"<hi rend=""head"">ེ</hi>"
archive/VE012/UT012_0012.xml,short_head,ེ,"<hi rend=""head"">ེ</hi>"
archive/VE012/UT012_0018.xml,short_head,་,"<hi rend=""head"">་</hi>"
archive/VE013/UT013_0001.xml,short_head,ོ ,"<hi rend=""head"">ོ </hi>"
archive/VE013/UT013_0002.xml,short_head,ོ ,"<hi rend=""head"">ོ </hi>"
archive/VE013/UT013_0002.xml,short_head,ོ ,"<hi rend=""head"">ོ </hi>"
archive/VE013/UT013_0002.xml,short_head,ོ ,"<hi rend=""head"">ོ </hi>"
archive/VE013/UT013_0002.xml,short_head,ོ ,"<hi rend=""head"">ོ </hi>"
archive/VE013/UT013_0002.xml,short_head,ོ ,"<hi rend=""head"">ོ </hi>"
archive/VE013/UT013_0002.xml,short_head,ོ ,"<hi rend=""head"">ོ </hi>"
archive/VE013/UT013_0002.xml,short_head,ོ ,"<hi rend=""head"">ོ </hi>"
archive/VE013/UT013_0002.xml,short_head,ོ ,"<hi rend=""head"">ོ </hi>"
archive/VE013/UT013_0002.xml,short_head,ོ ,"<hi rend=""head"">ོ </hi>"
archive/VE013/UT013_0002.xml,short_head,ོ ,"<hi rend=""head"">ོ </hi>"
archive/VE013/UT013_0002.xml,short_head,ོ ,"<hi rend=""head"">ོ </hi>"
archive/VE013/UT013_0002.xml,short_head,༢,"<hi rend=""head"">༢</hi>"
archive/VE013/UT013_0002.xml,short_head,ལ,"<hi rend=""head"">ལ</hi>"
archive/VE013/UT013_0002.xml,short_head,ོ ,"<hi rend=""head"">ོ </hi>"
archive/VE013/UT013_0010.xml,short_head,་,"<hi rend=""head"">་</hi>"
archive/VE014/UT014_0001.xml,short_head,ོ ,"<hi rend=""head"">ོ </hi>"
archive/VE014/UT014_0001.xml,short_head,ོ ,"<hi rend=""head"">ོ </hi>"
archive/VE014/UT014_0001.xml,short_head,ོ ,"<hi rend=""head"">ོ </hi>"
archive/VE014/UT014_0001.xml,short_head,་,"<hi rend=""head"">་</hi>"
archive/VE014/UT014_0006.xml,short_head,་,"<hi rend=""head"">་</hi>"
archive/VE014/UT014_0006.xml,short_head,་,"<hi rend=""head"">་</hi>"
archive/VE014/UT014_0012.xml,short_head,་,"<hi rend=""head"">་</hi>"
archive/VE015/UT015_0001.xml,short_head,ོ ,"<hi rend=""head"">ོ </hi>"
archive/VE015/UT015_0001.xml,short_head,ོ ,"<hi rend=""head"">ོ </hi>"
archive/VE015/UT015_0001.xml,short_head,ོ ,"<hi rend=""head"">ོ </hi>"
archive/VE015/UT015_0001.xml,short_head,ོ ,"<hi rend=""head"">ོ </hi>"
archive/VE015/UT015_0001.xml,short_head,ོ ,"<hi rend=""head"">ོ </hi>"
archive/VE015/UT015_0002.xml,short_head,ོ ,"<hi rend=""head"">ོ </hi>"
archive/VE015/UT015_0002.xml,short_head,ོ ,"<hi rend=""head"">ོ </hi>"
archive/VE015/UT015_0004.xml,short_head,༈,"<hi rend=""head"">༈</hi>"
archive/VE015/UT015_0004.xml,short_head,་,"<hi rend=""head"">་</hi>"
archive/VE015/UT015_0004.xml,short_head,༈,"<hi rend=""head"">༈</hi>"
archive/VE015/UT015_0004.xml,short_head,་,"<hi rend=""head"">་</hi>"
archive/VE015/UT015_0010.xml,short_head,་,"<hi rend=""head"">་</hi>"
archive/VE016/UT016_0002.xml,short_head,ོ ,"<hi rend=""head"">ོ </hi>"
archive/VE016/UT016_0002.xml,short_head,ོ ,"<hi rend=""head"">ོ </hi>"
archive/VE016/UT016_0002.xml,short_head,ོ ,"<hi rend=""head"">ོ </hi>"
archive/VE016/UT016_0004.xml,short_head,༈,"<hi rend=""head"">༈</hi>"
archive/VE016/UT016_0010.xml,short_head,་,"<hi rend=""head"">་</hi>"
archive/VE017/UT017_0001.xml,short_head,ོ ,"<hi rend=""head"">ོ </hi>"
archive/VE017/UT017_0001.xml,short_head,ོ ,"<hi rend=""head"">ོ </hi>"
archive/VE017/UT017_0001.xml,short_head,ོ ,"<hi rend=""head"">ོ </hi>"
archive/VE017/UT017_0001.xml,short_head,༥,"<hi rend=""head"">༥</hi>"
archive/VE017/UT017_0001.xml,short_head,ོ ,"<hi rend=""head"">ོ </hi>"
archive/VE017/UT017_0001.xml,short_head,ོ ,"<hi rend=""head"">ོ </hi>"
archive/VE017/UT017_0003.xml,short_head,་,"<hi rend=""head"">་</hi>"
archive/VE017/UT017_0003.xml,short_head,་,"<hi rend=""head"">་</hi>"
archive/VE017/UT017_0003.xml,short_head,་,"<hi rend=""head"">་</hi>"
archive/VE017/UT017_0009.xml,short_head,་,"<hi rend=""head"">་</hi>"
archive/VE018/UT018_0001.xml,short_head,྄,"<hi rend=""head"">྄</hi>"
archive/VE018/UT018_0001.xml,short_head,ོ ,"<hi rend=""head"">ོ </hi>"
archive/VE018/UT018_0001.xml,short_head,ོ ,"<hi rend=""head"">ོ </hi>"
archive/VE018/UT018_0001.xml,short_head,ོ ,"<hi rend=""head"">ོ </hi>"
archive/VE018/UT018_0001.xml,short_head,ོ ,"<hi rend=""head"">ོ </hi>"
archive/VE018/UT018_0009.xml,short_head,་,"<hi rend=""head"">་</hi>"
archive/VE019/UT019_0001.xml,short_head,ོ ,"<hi rend=""head"">ོ </hi>"
archive/VE019/UT019_0001.xml,short_head,ི་,"<hi rend=""head"">ི་</hi>"
archive/VE019/UT019_0001.xml,short_head,་,"<hi rend=""head"">་</hi>"
archive/VE019/UT019_0001.xml,short_head,ི,"<hi rend=""head"">ི</hi>"
archive/VE019/UT019_0001.xml,short_head,ོ ,"<hi rend=""head"">ོ </hi>"
archive/VE019/UT019_0001.xml,short_head,ོ ,"<hi rend=""head"">ོ </hi>"
archive/VE019/UT019_0001.xml,short_head,ོ ,"<hi rend=""head"">ོ </hi>"
archive/VE019/UT019_0009.xml,short_head,་,"<hi rend=""head"">་</hi>"
archive/VE020/UT020_0003.xml,short_head,ཉི,"<hi rend=""head"">ཉི</hi>"
archive/VE020/UT020_0003.xml,short_head,བ་,"<hi rend=""head"">བ་</hi>"
archive/VE020/UT020_0010.xml,short_head,་,"<hi rend=""head"">་</hi>"
archive/VE021/UT021_0011.xml,short_head,་,"<hi rend=""head"">་</hi>"
archive/VE022/UT022_0007.xml,short_head,མ་,"<hi rend=""head"">མ་</hi>"
archive/VE022/UT022_0024.xml,short_head,་,"<hi rend=""head"">་</hi>"
archive/VE023/UT023_0002.xml,short_head,་,"<hi rend=""head"">་</hi>"
archive/VE023/UT023_0010.xml,short_head,་,"<hi rend=""head"">་</hi>"
archive/VE024/UT024_0003.xml,short_head,ོ,"<hi rend=""head"">ོ</hi>"
archive/VE024/UT024_0006.xml,short_head,་,"<hi rend=""head"">་</hi>"
archive/VE024/UT024_0006.xml,short_head,༈,"<hi rend=""head"">༈</hi>"
archive/VE024/UT024_0007.xml,short_head,་,"<hi rend=""head"">་</hi>"
archive/VE024/UT024_0011.xml,short_head,༈,"<hi rend=""head"">༈</hi>"
archive/VE024/UT024_0018.xml,short_head,་,"<hi rend=""head"">་</hi>"
archive/VE024/UT024_0019.xml,short_head,ྃ,"<hi rend=""head"">ྃ</hi>"
archive/VE024/UT024_0026.xml,short_head,ོ,"<hi rend=""head"">ོ</hi>"
archive/VE024/UT024_0026.xml,short_head,ོ,"<hi rend=""head"">ོ</hi>"
archive/VE024/UT024_0026.xml,short_head,ོ,"<hi rend=""head"">ོ</hi>"
archive/VE024/UT024_0026.xml,short_head,ོ,"<hi rend=""head"">ོ</hi>"
archive/VE024/UT024_0026.xml,short_head,ོ,"<hi rend=""head"">ོ</hi>"
archive/VE024/UT024_0026.xml,short_head,ོ,"<hi rend=""head"">ོ</hi>"
archive/VE024/UT024_0026.xml,short_head,ོ,"<hi rend=""head"">ོ</hi>"
archive/VE024/UT024_0026.xml,short_head,ོ,"<hi rend=""head"">ོ</hi>"
archive/VE024/UT024_0026.xml,short_head,ོ,"<hi rend=""head"">ོ</hi>"
archive/VE024/UT024_0026.xml,short_head,ོ,"<hi rend=""head"">ོ</hi>"
archive/VE024/UT024_0026.xml,short_head,ོ,"<hi rend=""head"">ོ</hi>"
archive/VE024/UT024_0026.xml,short_head,ོ,"<hi rend=""head"">ོ</hi>"
archive/VE024/UT024_0026.xml,short_head,ོ,"<hi rend=""head"">ོ</hi>"
archive/VE024/UT024_0026.xml,short_head,ས,"<hi rend=""head"">ས</hi>"
archive/VE024/UT024_0026.xml,short_head,ོ,"<hi rend=""head"">ོ</hi>"
archive/VE024/UT024_0026.xml,short_head,ི,"<hi rend=""head"">ི</hi>"
archive/VE024/UT024_0026.xml,short_head,ོ,"<hi rend=""head"">ོ</hi>"
archive/VE024/UT024_0026.xml,short_head,ོ,"<hi rend=""head"">ོ</hi>"
archive/VE024/UT024_0026.xml,short_head,ོ,"<hi rend=""head"">ོ</hi>"
archive/VE024/UT024_0026.xml,short_head,ོ,"<hi rend=""head"">ོ</hi>"
archive/VE024/UT024_0026.xml,short_head,ོ,"<hi rend=""head"">ོ</hi>"
archive/VE024/UT024_0026.xml,short_head,ོ,"<hi rend=""head"">ོ</hi>"
archive/VE024/UT024_0032.xml,short_head,་,"<hi rend=""head"">་</hi>"
archive/VE025/UT025_0001.xml,short_head,ེ,"<hi rend=""head"">ེ</hi>"
archive/VE025/UT025_0002.xml,short_head,ི,"<hi rend=""head"">ི</hi>"
archive/VE025/UT025_0003.xml,short_head,་,"<hi rend=""head"">་</hi>"
archive/VE025/UT025_0003.xml,short_head,་,"<hi rend=""head"">་</hi>"
archive/VE025/UT025_0003.xml,short_head,་,"<hi rend=""head"">་</hi>"
archive/VE025/UT025_0003.xml,short_head,༴,"<hi rend=""head"">༴</hi>"
archive/VE025/UT025_0003.xml,short_head,༴,"<hi rend=""head"">༴</hi>"
archive/VE025/UT025_0003.xml,short_head,༴,"<hi rend=""head"">༴</hi>"
archive/VE025/UT025_0003.xml,short_head,༴,"<hi rend=""head"">༴</hi>"
archive/VE025/UT025_0003.xml,short_head,༴,"<hi rend=""head"">༴</hi>"
archive/VE025/UT025_0003.xml,short_head,༴,"<hi rend=""head"">༴</hi>"
archive/VE025/UT025_0003.xml,short_head,༴,"<hi rend=""head"">༴</hi>"
archive/VE025/UT025_0003.xml,short_head,༴,"<hi rend=""head"">༴</hi>"
archive/VE025/UT025_0003.xml,short_head,༴,"<hi rend=""head"">༴</hi>"
archive/VE025/UT025_0003.xml,short_head,༴,"<hi rend=""head"">༴</hi>"
archive/VE025/UT025_0003.xml,short_head,༴,"<hi rend=""head"">༴</hi>"
archive/VE025/UT025_0003.xml,short_head,༴,"<hi rend=""head"">༴</hi>"
archive/VE025/UT025_0003.xml,short_head,༴,"<hi rend=""head"">༴</hi>"
archive/VE025/UT025_0003.xml,short_head,༴,"<hi rend=""head"">༴</hi>"
archive/VE025/UT025_0003.xml,short_head,༴,"<hi rend=""head"">༴</hi>"
archive/VE025/UT025_0003.xml,short_head,༴,"<hi rend=""head"">༴</hi>"
archive/VE025/UT025_0003.xml,short_head,༴ ,"<hi rend=""head"">༴ </hi>"
archive/VE025/UT025_0003.xml,short_head,༴,"<hi rend=""head"">༴</hi>"
archive/VE025/UT025_0003.xml,short_head,༴,"<hi rend=""head"">༴</hi>"
archive/VE025/UT025_0003.xml,short_head,༴,"<hi rend=""head"">༴</hi>"
archive/VE025/UT025_0003.xml,short_head,༴,"<hi rend=""head"">༴</hi>"
archive/VE025/UT025_0003.xml,short_head,༴,"<hi rend=""head"">༴</hi>"
archive/VE025/UT025_0003.xml,short_head,༴,"<hi rend=""head"">༴</hi>"
archive/VE025/UT025_0003.xml,short_head,༴,"<hi rend=""head"">༴</hi>"
archive/VE025/UT025_0003.xml,short_head,༴ ,"<hi rend=""head"">༴ </hi>"
archive/VE025/UT025_0003.xml,short_head,༴,"<hi rend=""head"">༴</hi>"
archive/VE025/UT025_0003.xml,short_head,༴,"<hi rend=""head"">༴</hi>"
archive/VE025/UT025_0003.xml,short_head,༴,"<hi rend=""head"">༴</hi>"
archive/VE025/UT025_0003.xml,short_head,༴,"<hi rend=""head"">༴</hi>"
archive/VE025/UT025_0003.xml,short_head,་,"<hi rend=""head"">་</hi>"
archive/VE025/UT025_0003.xml,short_head,་,"<hi rend=""head"">་</hi>"
archive/VE025/UT025_0003.xml,short_head,་,"<hi rend=""head"">་</hi>"
archive/VE025/UT025_0003.xml,short_head,༴,"<hi rend=""head"">༴</hi>"
archive/VE025/UT025_0003.xml,short_head,༴,"<hi rend=""head"">༴</hi>"
archive/VE025/UT025_0003.xml,short_head,༴,"<hi rend=""head"">༴</hi>"
archive/VE025/UT025_0003.xml,short_head,༴,"<hi rend=""head"">༴</hi>"
archive/VE025/UT025_0003.xml,short_head,་,"<hi rend=""head"">་</hi>"
archive/VE025/UT025_0003.xml,short_head,་,"<hi rend=""head"">་</hi>"
archive/VE025/UT025_0004.xml,short_head,ི,"<hi rend=""head"">ི</hi>"
archive/VE025/UT025_0004.xml,short_head,ེ,"<hi rend=""head"">ེ</hi>"
archive/VE025/UT025_0004.xml,short_head,་,"<hi rend=""head"">་</hi>"
archive/VE025/UT025_0005.xml,short_head,་,"<hi rend=""head"">་</hi>"
archive/VE025/UT025_0006.xml,short_head,་,"<hi rend=""head"">་</hi>"
archive/VE025/UT025_0006.xml,short_head,་,"<hi rend=""head"">་</hi>"
archive/VE025/UT025_0006.xml,short_head,་,"<hi rend=""head"">་</hi>"
archive/VE025/UT025_0006.xml,short_head,་,"<hi rend=""head"">་</hi>"
archive/VE025/UT025_0006.xml,short_head,་,"<hi rend=""head"">་</hi>"
archive/VE025/UT025_0006.xml,short_head,་,"<hi rend=""head"">་</hi>"
archive/VE025/UT025_0006.xml,short_head,་,"<hi rend=""head"">་</hi>"
archive/VE025/UT025_0006.xml,short_head,་,"<hi rend=""head"">་</hi>"
archive/VE025/UT025_0006.xml,short_head,་,"<hi rend=""head"">་</hi>"
archive/VE025/UT025_0006.xml,short_head,་,"<hi rend=""head"">་</hi>"
archive/VE025/UT025_0006.xml,short_head,་,"<hi rend=""head"">་</hi>"
archive/VE025/UT025_0007.xml,short_head,་,"<hi rend=""head"">་</hi>"
archive/VE025/UT025_0007.xml,short_head,་,"<hi rend=""head"">་</hi>"
archive/VE025/UT025_0011.xml,short_head,ི,"<hi rend=""head"">ི</hi>"
archive/VE025/UT025_0012.xml,short_head,་,"<hi rend=""head"">་</hi>"
archive/VE025/UT025_0013.xml,short_head,ི,"<hi rend=""head"">ི</hi>"
archive/VE025/UT025_0015.xml,short_head,ེ,"<hi rend=""head"">ེ</hi>"
archive/VE025/UT025_0018.xml,short_head,་,"<hi rend=""head"">་</hi>"
archive/VE025/UT025_0018.xml,short_head,་,"<hi rend=""head"">་</hi>"
archive/VE025/UT025_0018.xml,short_head,་,"<hi rend=""head"">་</hi>"
archive/VE025/UT025_0018.xml,short_head,་,"<hi rend=""head"">་</hi>"
archive/VE025/UT025_0018.xml,short_head,་,"<hi rend=""head"">་</hi>"
archive/VE025/UT025_0018.xml,short_head,་,"<hi rend=""head"">་</hi>"
archive/VE025/UT025_0018.xml,short_head,་,"<hi rend=""head"">་</hi>"
archive/VE025/UT025_0018.xml,short_head,་,"<hi rend=""head"">་</hi>"
archive/VE025/UT025_0018.xml,short_head,་,"<hi rend=""head"">་</hi>"
archive/VE025/UT025_0018.xml,short_head,་,"<hi rend=""head"">་</hi>"
archive/VE025/UT025_0018.xml,short_head,་,"<hi rend=""head"">་</hi>"
archive/VE025/UT025_0025.xml,short_head,་,"<hi rend=""head"">་</hi>"
archive/VE026/UT026_0009.xml,short_head,ས་,"<hi rend=""head"">ས་</hi>"
archive/VE026/UT026_0009.xml,short_head,ག་,"<hi rend=""head"">ག་</hi>"
archive/VE026/UT026_0009.xml,short_head,ར་,"<hi rend=""head"">ར་</hi>"
archive/VE026/UT026_0009.xml,short_head,ཿ,"<hi rend=""head"">ཿ</hi>"
archive/VE026/UT026_0009.xml,short_head,གི,"<hi rend=""head"">གི</hi>"
archive/VE026/UT026_0009.xml,short_head,གི,"<hi rend=""head"">གི</hi>"
archive/VE026/UT026_0009.xml,short_head,སྨ,"<hi rend=""head"">སྨ</hi>"
archive/VE026/UT026_0009.xml,short_head,ཤ,"<hi rend=""head"">ཤ</hi>"
archive/VE026/UT026_0009.xml,short_head,ེ,"<hi rend=""head"">ེ</hi>"
archive/VE026/UT026_0009.xml,short_head,ེ,"<hi rend=""head"">ེ</hi>"
archive/VE026/UT026_0009.xml,short_head,ེ,"<hi rend=""head"">ེ</hi>"
archive/VE026/UT026_0009.xml,short_head,བ,"<hi rend=""head"">བ</hi>"
archive/VE026/UT026_0009.xml,short_head,ན་,"<hi rend=""head"">ན་</hi>"
archive/VE026/UT026_0030.xml,short_head,་,"<hi rend=""head"">་</hi>"
